Rank,epoch,train_MSE,train_RMSE,train_R2,validation_MSE,validation_RMSE,validation_R2,best_so_far
1,538,2029.789307,45.05318309,0.398436844,2646.639648,51.44550173,0.222768605,TRUE
2,453,2067.484131,45.46959568,0.387265325,2646.891602,51.44795041,0.222694635,TRUE
3,626,2004.549438,44.77219493,0.405917108,2659.509766,51.570435,0.218989074,FALSE
4,558,2021.866943,44.96517478,0.400784791,2660.979004,51.584678,0.218557596,FALSE
5,529,2036.13501,45.12355272,0.396556199,2661.070801,51.58556776,0.218530655,FALSE
6,475,2058.346924,45.36900841,0.389973342,2661.491943,51.58964958,0.218406975,FALSE
7,602,2022.441772,44.97156627,0.40061444,2663.515381,51.60925674,0.217812777,FALSE
8,591,2018.068481,44.92291711,0.401910543,2664.267578,51.61654365,0.217591882,FALSE
9,452,2070.076904,45.49809781,0.386496961,2664.34082,51.61725313,0.217570364,TRUE
10,627,2004.408447,44.77062036,0.405958891,2665.203613,51.62561005,0.217317045,FALSE
11,559,2023.50293,44.98336281,0.400299907,2666.732422,51.64041462,0.216867983,FALSE
12,412,2105.660645,45.88747808,0.375951052,2666.76416,51.64072192,0.216858745,TRUE
13,576,2017.602417,44.91772943,0.402048647,2667.56665,51.64849127,0.216623068,FALSE
14,546,2024.340698,44.99267383,0.400051653,2667.956543,51.65226561,0.216508567,FALSE
15,409,2102.565674,45.8537422,0.376868308,2668.193359,51.65455797,0.216439009,TRUE
16,504,2040.200073,45.16857396,0.39535141,2669.311523,51.66538032,0.216110647,FALSE
17,489,2044.321655,45.21417538,0.394129932,2669.392578,51.66616473,0.216086864,FALSE
18,422,2086.131348,45.67418689,0.381738901,2669.8396,51.67049061,0.215955555,FALSE
19,556,2041.452271,45.18243321,0.394980371,2670.269531,51.67465076,0.215829253,FALSE
20,481,2074.716309,45.54905387,0.385121942,2670.353271,51.67546102,0.215804696,FALSE
21,513,2038.370483,45.14831651,0.395893633,2671.029541,51.68200403,0.215606153,FALSE
22,638,1994.397217,44.6586746,0.408925891,2671.736816,51.68884615,0.215398431,FALSE
23,465,2063.799072,45.42905538,0.38835746,2672.062256,51.69199412,0.215302825,FALSE
24,491,2046.081055,45.23362748,0.39360851,2672.235596,51.69367075,0.215251982,FALSE
25,490,2060.693359,45.3948605,0.389277875,2673.357422,51.70452032,0.214922428,FALSE
26,542,2037.269653,45.1361236,0.396219909,2674.632324,51.71684759,0.214548111,FALSE
27,437,2075.184814,45.55419645,0.384983122,2674.636475,51.71688771,0.214546859,FALSE
28,423,2084.435303,45.65561633,0.382241547,2675.585205,51.72605925,0.214268208,FALSE
29,476,2061.363525,45.40224141,0.389079273,2675.930664,51.72939845,0.21416682,FALSE
30,578,2018.808838,44.93115665,0.401691079,2676.029785,51.73035651,0.214137673,FALSE
31,579,2043.974854,45.21034012,0.39423275,2676.125732,51.73128389,0.21410948,FALSE
32,512,2045.690674,45.22931211,0.393724203,2676.298584,51.73295453,0.214058757,FALSE
33,474,2057.288818,45.3573458,0.390286863,2676.666748,51.73651272,0.213950634,FALSE
34,487,2049.029541,45.2662075,0.392734706,2677.327393,51.74289703,0.213756621,FALSE
35,675,1989.872925,44.60799171,0.410266757,2677.770996,51.74718346,0.213626385,FALSE
36,537,2031.955688,45.07721917,0.397794843,2678.402344,51.75328341,0.213440955,FALSE
37,522,2048.537109,45.26076788,0.392880619,2678.469971,51.75393677,0.213421106,FALSE
38,545,2037.478271,45.13843453,0.396158099,2678.542969,51.754642,0.213399708,FALSE
39,438,2075.245361,45.55486101,0.384965181,2678.94043,51.75848172,0.213282943,FALSE
40,637,2002.114136,44.74499006,0.406638861,2679.674805,51.76557548,0.213067293,FALSE
41,676,1992.860107,44.64146175,0.409381449,2679.824707,51.76702335,0.213023245,FALSE
42,547,2030.890381,45.06540115,0.398110509,2680.365967,51.77225093,0.21286428,FALSE
43,521,2038.681519,45.15176097,0.395801485,2681.096924,51.7793098,0.212649643,FALSE
44,555,2039.292236,45.15852341,0.395620465,2681.317627,51.78144095,0.212584853,FALSE
45,450,2079.678223,45.60348915,0.383651376,2681.977295,51.78781029,0.212391138,FALSE
46,651,1997.086182,44.6887702,0.408128977,2682.077148,51.78877435,0.212361753,FALSE
47,736,1971.014893,44.39611349,0.415855646,2684.003418,51.80736838,0.211796105,FALSE
48,492,2073.581543,45.53659565,0.385458291,2684.179199,51.80906484,0.211744487,FALSE
49,668,2002.268799,44.7467183,0.406593025,2684.210205,51.80936407,0.211735368,FALSE
50,672,1987.99707,44.58696077,0.41082269,2684.261963,51.80986357,0.211720169,FALSE
51,539,2068.096924,45.47633367,0.387083769,2684.351074,51.81072354,0.211694002,FALSE
52,603,2019.150146,44.93495462,0.40158993,2684.391113,51.81110994,0.21168226,FALSE
53,505,2088.053711,45.69522635,0.3811692,2684.832275,51.81536717,0.21155268,FALSE
54,679,1996.162598,44.67843549,0.408402741,2685.338623,51.82025302,0.211404026,FALSE
55,477,2057.43335,45.35893903,0.390244007,2685.552734,51.82231888,0.211341143,FALSE
56,575,2038.435547,45.14903705,0.395874381,2685.600098,51.82277586,0.211327195,FALSE
57,548,2055.249268,45.33485709,0.390891373,2685.788574,51.8245943,0.211271822,FALSE
58,689,2012.90271,44.86538432,0.403441489,2685.817383,51.82487224,0.211263418,FALSE
59,485,2057.479004,45.35944228,0.390230536,2686.655273,51.83295548,0.211017311,FALSE
60,715,1975.997925,44.4521982,0.414378881,2686.880371,51.83512681,0.210951269,FALSE
61,488,2063.81958,45.42928109,0.388351381,2687.144531,51.83767482,0.210873723,FALSE
62,391,2115.752441,45.99730907,0.37296015,2687.484619,51.84095504,0.210773766,TRUE
63,592,2069.769775,45.4947225,0.386587918,2687.687744,51.84291412,0.210714161,FALSE
64,478,2093.736816,45.75736898,0.379484892,2688.703613,51.85271076,0.210415781,FALSE
65,466,2067.765381,45.4726883,0.387181997,2689.112305,51.8566515,0.210295796,FALSE
66,464,2088.117188,45.69592091,0.381150424,2689.316895,51.85862411,0.210235655,FALSE
67,608,2023.782471,44.98646986,0.400217116,2689.328613,51.8587371,0.210232258,FALSE
68,601,2010.441162,44.83794333,0.40417099,2689.434082,51.85975397,0.210201263,FALSE
69,394,2110.414795,45.93925114,0.374542058,2689.901855,51.86426376,0.210063934,FALSE
70,659,2003.307129,44.7583191,0.406285286,2690.157227,51.86672562,0.209988952,FALSE
71,572,2040.049072,45.1669024,0.395396173,2691.076904,51.87559064,0.209718883,FALSE
72,560,2020.529419,44.95029943,0.401181161,2691.397705,51.87868257,0.209624648,FALSE
73,588,2070.00293,45.49728486,0.386518836,2691.846924,51.8830119,0.209492743,FALSE
74,661,1999.218872,44.71262542,0.407496929,2692.347656,51.88783727,0.209345639,FALSE
75,557,2024.929199,44.99921332,0.39987725,2692.701416,51.89124604,0.209241807,FALSE
76,472,2079.22998,45.59857432,0.383784235,2692.754639,51.89175887,0.209226131,FALSE
77,664,2001.457764,44.73765487,0.40683341,2693.137451,51.89544731,0.209113777,FALSE
78,543,2064.711914,45.43910116,0.388086975,2693.312744,51.89713618,0.209062278,FALSE
79,455,2076.690918,45.57072435,0.384536743,2693.439453,51.89835694,0.209025085,FALSE
80,544,2029.624146,45.0513501,0.39848578,2693.580566,51.89971644,0.2089836,FALSE
81,640,1998.236084,44.70163402,0.407788157,2693.704834,51.90091361,0.208947122,FALSE
82,486,2083.180908,45.64187669,0.382613301,2693.915771,51.90294569,0.208885193,FALSE
83,408,2135.067139,46.20678672,0.367235899,2694.14502,51.90515407,0.20881784,FALSE
84,411,2104.037109,45.86978427,0.37643224,2694.324463,51.90688262,0.208765149,FALSE
85,395,2116.975342,46.01060032,0.372597814,2694.328125,51.90691789,0.208764076,FALSE
86,562,2037.900391,45.14311011,0.396032989,2694.429688,51.9078962,0.208734274,FALSE
87,479,2073.819092,45.5392039,0.385387838,2694.830566,51.9117575,0.208616495,FALSE
88,641,2037.751709,45.1414633,0.396077037,2695.156982,51.91490135,0.208520651,FALSE
89,723,1979.80957,44.49505108,0.413249195,2695.506836,51.91827073,0.208417952,FALSE
90,669,2025.541626,45.00601766,0.399695754,2696.205566,51.92499944,0.208212733,FALSE
91,439,2095.188232,45.77322615,0.379054785,2696.573486,51.92854212,0.20810473,FALSE
92,662,1993.164307,44.64486876,0.409291327,2697.078125,51.93340086,0.207956493,FALSE
93,604,2012.141235,44.8568973,0.403667152,2697.238037,51.93494043,0.207909524,FALSE
94,482,2101.463623,45.8417236,0.377194881,2698.855713,51.95051215,0.207434416,FALSE
95,673,1996.220947,44.67908848,0.408385396,2698.913818,51.95107139,0.207417428,FALSE
96,635,2000.150146,44.72303821,0.4072209,2699.125732,51.9531109,0.207355142,FALSE
97,749,1971.637817,44.40312846,0.415671051,2699.773926,51.95934878,0.207164824,FALSE
98,514,2086.483887,45.678046,0.381634474,2699.915771,51.96071373,0.20712316,FALSE
99,528,2046.892944,45.24260099,0.393367887,2700.136963,51.96284214,0.207058191,FALSE
100,612,2015.662964,44.89613529,0.402623415,2700.643311,51.96771412,0.206909478,FALSE
101,484,2086.170654,45.67461718,0.381727278,2700.662109,51.96789499,0.206903994,FALSE
102,671,2000.613525,44.72821845,0.407083631,2700.888672,51.97007477,0.206837475,FALSE
103,549,2055.084229,45.33303683,0.390940249,2701.111084,51.97221454,0.206772149,FALSE
104,599,2036.391235,45.12639178,0.396480262,2701.317627,51.97420155,0.206711471,FALSE
105,748,1970.331543,44.38841677,0.416058183,2701.328613,51.97430724,0.206708312,FALSE
106,636,2006.684692,44.79603434,0.405284286,2701.331543,51.97433543,0.206707418,FALSE
107,440,2095.036621,45.77157001,0.379099667,2701.451904,51.9754933,0.206672072,FALSE
108,665,2038.272583,45.14723229,0.395922661,2701.942383,51.98021145,0.206528008,FALSE
109,678,2014.212036,44.87997366,0.403053463,2702.114258,51.9818647,0.206477523,FALSE
110,396,2109.719238,45.93168012,0.37474823,2702.505127,51.98562423,0.206362784,FALSE
111,573,2056.381836,45.34734651,0.39055568,2702.51416,51.98571112,0.206360102,FALSE
112,766,1962.656982,44.30188464,0.418332696,2702.529541,51.98585905,0.206355631,FALSE
113,369,2152.050537,46.39019872,0.362202585,2702.890381,51.98932949,0.206249654,TRUE
114,397,2107.082031,45.90296321,0.375529826,2703.287109,51.99314483,0.206133127,FALSE
115,540,2051.30835,45.29137169,0.392059326,2703.601807,51.99617108,0.20604074,FALSE
116,708,1980.297607,44.50053491,0.413104594,2703.61499,51.99629785,0.206036806,FALSE
117,392,2114.034424,45.97863008,0.373469353,2704.273926,52.00263384,0.205843329,FALSE
118,634,2036.846802,45.13143917,0.396345198,2704.405273,52.00389671,0.205804765,FALSE
119,674,1994.291382,44.65748965,0.408957243,2704.846924,52.00814286,0.205675066,FALSE
120,355,2146.65918,46.33205348,0.363800466,2704.935059,52.00899017,0.205649137,TRUE
121,442,2106.658691,45.89835173,0.375655293,2705.143799,52.0109969,0.205587864,FALSE
122,383,2125.933105,46.10784213,0.369943023,2705.230469,52.01183008,0.205562413,FALSE
123,750,1963.529419,44.31173004,0.418074131,2705.417236,52.01362549,0.205507576,FALSE
124,606,2019.460327,44.93840593,0.40149802,2705.578613,52.01517676,0.205460131,FALSE
125,424,2117.32373,46.01438613,0.372494459,2705.794678,52.01725365,0.205396712,FALSE
126,589,2038.227661,45.14673478,0.395936012,2706.217041,52.02131333,0.205272675,FALSE
127,561,2051.844238,45.29728732,0.39190048,2706.664795,52.02561672,0.205141246,FALSE
128,660,2006.863892,44.79803446,0.405231178,2706.730469,52.02624788,0.205121875,FALSE
129,633,2028.430664,45.03810236,0.398839474,2707.023926,52.02906808,0.205035746,FALSE
130,535,2064.497803,45.43674507,0.388150394,2707.259277,52.03132977,0.204966605,FALSE
131,456,2128.530762,46.13600288,0.36917311,2707.50415,52.03368284,0.204894662,FALSE
132,493,2059.12207,45.37755029,0.389743567,2707.609131,52.03469161,0.204863846,FALSE
133,577,2046.274902,45.23577016,0.393551052,2708.367432,52.04197759,0.204641223,FALSE
134,729,1976.495728,44.45779715,0.4142313,2708.886475,52.04696412,0.204488754,FALSE
135,639,2015.19519,44.89092548,0.402762055,2709.121582,52.04922268,0.204419732,FALSE
136,739,1975.394653,44.44541206,0.414557636,2709.275635,52.05070254,0.204374492,FALSE
137,574,2025.616699,45.00685169,0.399673462,2709.327881,52.05120441,0.204359114,FALSE
138,483,2071.568359,45.51448516,0.386054933,2709.567383,52.053505,0.204288781,FALSE
139,769,1962.222534,44.2969811,0.418461442,2710.084717,52.05847402,0.204136908,FALSE
140,390,2130.242432,46.15454941,0.368665874,2710.149658,52.05909775,0.204117775,FALSE
141,732,1971.162598,44.39777694,0.415811896,2710.475342,52.06222567,0.204022169,FALSE
142,468,2093.533203,45.75514401,0.379545212,2710.532227,52.06277198,0.20400548,FALSE
143,376,2128.762451,46.13851375,0.369104445,2710.809082,52.06543078,0.203924179,FALSE
144,650,2002.81958,44.75287231,0.406429827,2710.836914,52.06569806,0.203915954,FALSE
145,614,2027.720825,45.03022124,0.399049878,2710.960693,52.06688673,0.203879595,FALSE
146,454,2090.588623,45.7229551,0.380417883,2711.307617,52.07021814,0.20377773,FALSE
147,536,2062.432373,45.41401076,0.388762534,2711.32373,52.07037287,0.203773022,FALSE
148,609,2055.239746,45.33475208,0.390894175,2711.468018,52.07175835,0.203730643,FALSE
149,722,1987.541626,44.5818531,0.410957694,2711.568604,52.07272418,0.203701079,FALSE
150,580,2026.171021,45.01300946,0.399509192,2712.222656,52.07900399,0.203509033,FALSE
151,658,2052.727295,45.30703361,0.391638815,2712.242432,52.07919385,0.203503191,FALSE
152,436,2118.352783,46.02556663,0.372189522,2712.304932,52.07979389,0.203484833,FALSE
153,467,2111.157959,45.94733898,0.374321878,2712.305664,52.07980092,0.203484654,FALSE
154,613,2052.845215,45.30833494,0.391603827,2712.525146,52.08190805,0.203420222,FALSE
155,425,2104.545898,45.87532995,0.37628144,2712.543457,52.08208384,0.203414798,FALSE
156,605,2037.317871,45.13665773,0.396205664,2712.872803,52.08524554,0.203318059,FALSE
157,451,2089.369141,45.70961759,0.380779386,2712.96167,52.08609862,0.203292012,FALSE
158,503,2051.123779,45.28933406,0.392114043,2713.501709,52.09128247,0.203133404,FALSE
159,688,2018.490234,44.92761105,0.401785553,2714.39917,52.09989606,0.202869892,FALSE
160,782,1958.37793,44.25356403,0.419600844,2714.764404,52.10340108,0.202762604,FALSE
161,610,2021.227783,44.95806694,0.400974214,2715.042725,52.10607186,0.202680886,FALSE
162,393,2136.822998,46.22578283,0.36671555,2715.197021,52.10755244,0.202635527,FALSE
163,746,1980.786743,44.50603041,0.412959635,2715.368652,52.10919931,0.202585161,FALSE
164,354,2155.749756,46.43005229,0.361106277,2715.45752,52.110052,0.202559054,TRUE
165,398,2135.764893,46.21433644,0.36702913,2715.71875,52.11255847,0.202482402,FALSE
166,421,2116.115967,46.00126049,0.372852445,2716.070068,52.11592912,0.202379227,FALSE
167,709,1981.917847,44.51873591,0.412624359,2716.148193,52.11667865,0.202356219,FALSE
168,565,2080.542236,45.61296128,0.383395314,2716.206543,52.11723844,0.202339113,FALSE
169,495,2102.074707,45.84838827,0.377013862,2716.334717,52.1184681,0.202301443,FALSE
170,598,2084.57373,45.65713231,0.382200539,2716.539307,52.1204308,0.202241421,FALSE
171,670,1998.270874,44.70202315,0.407777846,2716.611084,52.12111937,0.202220261,FALSE
172,566,2047.912598,45.25386832,0.393065691,2716.736328,52.12232082,0.202183485,FALSE
173,770,1984.197144,44.54432785,0.41194886,2716.792969,52.12286416,0.202166915,FALSE
174,530,2087.016602,45.68387682,0.381476521,2716.932373,52.12420141,0.202125967,FALSE
175,441,2132.68042,46.180953,0.367943287,2717.362061,52.12832302,0.201999784,FALSE
176,611,2038.9375,45.15459556,0.395725608,2717.709961,52.13165987,0.201897621,FALSE
177,677,1993.115845,44.64432601,0.409305692,2717.882324,52.133313,0.201847017,FALSE
178,629,2020.851318,44.9538799,0.401085794,2717.936768,52.13383515,0.201830983,FALSE
179,607,2054.887695,45.33086912,0.390998483,2718.066162,52.13507612,0.201793015,FALSE
180,781,1962.853882,44.30410683,0.418274343,2718.117676,52.13557016,0.201777816,FALSE
181,382,2134.84082,46.20433768,0.367303014,2718.318359,52.13749476,0.201718926,FALSE
182,730,1985.778198,44.5620713,0.411480308,2718.462891,52.1388808,0.201676488,FALSE
183,384,2149.583496,46.36360098,0.362933755,2718.977539,52.14381592,0.201525331,FALSE
184,814,1952.459473,44.1866436,0.42135489,2719.034668,52.14436372,0.201508582,FALSE
185,568,2060.97583,45.39797165,0.389194191,2719.104004,52.14502856,0.201488197,FALSE
186,735,2002.459473,44.74884884,0.40653652,2719.137451,52.14534928,0.201478422,FALSE
187,737,1978.854126,44.48431326,0.413532376,2719.2229,52.14616861,0.201453269,FALSE
188,738,1979.582397,44.49249822,0.413316548,2719.334961,52.14724308,0.201420426,FALSE
189,747,1966.979126,44.35063839,0.417051733,2719.339111,52.14728288,0.201419175,FALSE
190,701,2004.269043,44.76906346,0.406000257,2719.403564,52.14790086,0.20140022,FALSE
191,410,2113.150635,45.96901821,0.373731315,2719.605469,52.14983671,0.201340914,FALSE
192,473,2093.026611,45.74960777,0.379695356,2720.006836,52.15368478,0.201223075,FALSE
193,370,2165.495605,46.5348859,0.358217955,2720.274414,52.15625,0.201144516,FALSE
194,702,1992.673218,44.63936847,0.409436822,2720.37207,52.15718618,0.201115847,FALSE
195,780,1965.848145,44.33788611,0.417386949,2720.622559,52.15958741,0.201042295,FALSE
196,786,1970.903564,44.39485966,0.415888667,2720.746338,52.16077394,0.201005876,FALSE
197,420,2119.10376,46.03372416,0.371967018,2721.251709,52.16561807,0.20085752,FALSE
198,385,2143.009521,46.29265084,0.364882052,2721.66626,52.16959133,0.200735807,FALSE
199,616,2036.510254,45.12771049,0.396444976,2721.677979,52.16970365,0.20073235,FALSE
200,752,1965.514526,44.33412372,0.417485774,2722.163086,52.17435276,0.200589895,FALSE
201,628,2038.921021,45.15441308,0.395730495,2722.641602,52.17893829,0.200449347,FALSE
202,716,1984.140991,44.54369755,0.411965489,2723.177734,52.18407549,0.200291872,FALSE
203,912,1943.110474,44.08072678,0.424125612,2723.294678,52.18519596,0.20025754,FALSE
204,449,2144.764893,46.31160646,0.364361823,2723.435059,52.18654097,0.200216293,FALSE
205,541,2085.174072,45.66370629,0.382022619,2724.005859,52.19200954,0.200048745,FALSE
206,666,2006.133057,44.78987672,0.405447781,2724.316162,52.19498215,0.19995755,FALSE
207,389,2136.325195,46.22039804,0.366863072,2724.468018,52.19643683,0.199912965,FALSE
208,773,1972.786499,44.41606127,0.415330648,2724.618408,52.19787743,0.199868798,FALSE
209,399,2135.208252,46.20831367,0.367194116,2724.659912,52.19827499,0.199856579,FALSE
210,751,1980.294556,44.50050062,0.413105488,2724.911377,52.20068368,0.199782729,FALSE
211,582,2074.594727,45.54771922,0.385158002,2724.920166,52.20076787,0.199780166,FALSE
212,413,2152.131836,46.39107496,0.362178504,2725.04126,52.20192774,0.199744642,FALSE
213,405,2159.924805,46.47499117,0.359869003,2725.921387,52.21035708,0.199486136,FALSE
214,811,1953.859375,44.20248155,0.420939982,2726.043213,52.21152376,0.199450374,FALSE
215,779,1958.686035,44.25704503,0.41950953,2726.259277,52.21359284,0.199386895,FALSE
216,733,1997.708984,44.69573788,0.407944381,2726.43042,52.21523169,0.199336648,FALSE
217,652,2030.016602,45.05570554,0.398369491,2726.560059,52.21647306,0.19929862,FALSE
218,581,2075.121094,45.55349705,0.385001957,2726.600586,52.21686113,0.199286759,FALSE
219,564,2045.618652,45.22851592,0.393745542,2726.632324,52.21716503,0.199277401,FALSE
220,471,2137.707764,46.23535188,0.36645335,2726.774414,52.21852558,0.199235678,FALSE
221,435,2112.052734,45.95707491,0.374056697,2727.138672,52.22201329,0.199128687,FALSE
222,714,2011.752563,44.85256474,0.403782368,2727.839111,52.22871922,0.198922992,FALSE
223,663,2031.783691,45.07531133,0.397845745,2728.216797,52.23233478,0.198812127,FALSE
224,426,2145.90918,46.32395902,0.364022732,2728.277832,52.23291905,0.198794127,FALSE
225,519,2109.300049,45.9271167,0.374872446,2728.857422,52.23846688,0.198623896,FALSE
226,553,2077.581543,45.5804952,0.384272814,2728.910645,52.2389763,0.198608339,FALSE
227,800,1970.72229,44.392818,0.415942371,2729.221436,52.24195092,0.198517084,FALSE
228,777,1961.626221,44.29024973,0.41863811,2729.493652,52.2445562,0.198437095,FALSE
229,595,2084.546387,45.65683286,0.382208586,2729.999268,52.2493949,0.198288679,FALSE
230,520,2086.620117,45.67953718,0.381594062,2730.147217,52.25081068,0.198245168,FALSE
231,767,1961.556763,44.2894656,0.418658733,2730.368408,52.25292727,0.198180199,FALSE
232,494,2112.491699,45.96185048,0.37392658,2730.568115,52.2548382,0.198121607,FALSE
233,756,1984.562744,44.54843144,0.411840558,2730.571777,52.25487324,0.198120534,FALSE
234,745,1979.730591,44.49416356,0.413272619,2730.830566,52.2573494,0.198044479,FALSE
235,731,1981.868164,44.51817791,0.412639081,2730.972412,52.25870657,0.198002815,FALSE
236,839,1960.716309,44.27997638,0.418907821,2731.170166,52.2605986,0.19794476,FALSE
237,377,2164.044434,46.51929098,0.358648062,2731.493896,52.26369578,0.197849751,FALSE
238,642,2029.621216,45.05131758,0.398486674,2731.880615,52.26739534,0.197736144,FALSE
239,340,2187.279785,46.76836308,0.351761818,2733.071777,52.27878898,0.197386384,TRUE
240,333,2179.145508,46.68131862,0.354172587,2734.462646,52.29208971,0.196977854,TRUE
241,753,2000.910034,44.73153288,0.406995714,2734.468018,52.29214107,0.196976304,FALSE
242,615,2069.283447,45.4893773,0.386732042,2734.481934,52.29227413,0.196972251,FALSE
243,336,2175.577637,46.64308777,0.355229974,2734.668213,52.29405523,0.196917474,FALSE
244,427,2121.744141,46.062394,0.371184468,2735.334717,52.3004275,0.196721792,FALSE
245,571,2081.37915,45.62213443,0.383147299,2735.612549,52.30308355,0.196640193,FALSE
246,569,2096.665039,45.78935508,0.378617048,2735.666748,52.30360167,0.196624279,FALSE
247,810,1974.24707,44.43250016,0.41489774,2736.123779,52.30797051,0.196490049,FALSE
248,785,2000.671875,44.72887071,0.407066286,2736.237549,52.309058,0.196456611,FALSE
249,872,1943.778564,44.08830417,0.423927605,2736.308838,52.30973942,0.19643569,FALSE
250,523,2124.961914,46.09730918,0.370230794,2737.495361,52.32107951,0.196087301,FALSE
251,724,1996.982544,44.68761063,0.408159733,2738.199951,52.32781241,0.195880353,FALSE
252,563,2090.932617,45.72671667,0.380315959,2738.532959,52.33099425,0.195782602,FALSE
253,765,1991.738037,44.6288924,0.409713984,2738.622803,52.33185266,0.195756137,FALSE
254,344,2182.274414,46.71482007,0.353245258,2738.639893,52.33201594,0.195751131,FALSE
255,625,2061.02417,45.39850405,0.389179885,2738.712402,52.33270872,0.195729852,FALSE
256,725,1984.313965,44.54563912,0.411914229,2739.315674,52.33847222,0.195552707,FALSE
257,783,1972.171509,44.40913767,0.41551286,2739.438232,52.33964303,0.195516765,FALSE
258,696,2039.48291,45.16063452,0.39556396,2740.029785,52.34529382,0.195342958,FALSE
259,1005,1924.920654,43.8739177,0.429516494,2740.077148,52.34574623,0.19532907,FALSE
260,869,1946.723999,44.12169533,0.423054695,2740.235596,52.34725968,0.195282578,FALSE
261,776,1989.447998,44.60322856,0.410392702,2740.841309,52.35304488,0.195104659,FALSE
262,597,2063.527344,45.42606459,0.388437986,2740.9646,52.35422237,0.195068479,FALSE
263,813,1966.347656,44.34351876,0.417238891,2741.890869,52.3630678,0.194796503,FALSE
264,828,1959.421021,44.26534785,0.419291675,2741.92749,52.36341748,0.194785714,FALSE
265,1004,1932.024048,43.9547955,0.427411258,2742.056885,52.36465301,0.194747686,FALSE
266,362,2171.059814,46.59463289,0.356568933,2742.235107,52.36635473,0.194695354,FALSE
267,784,1962.468872,44.29976154,0.418388426,2743.140625,52.375,0.194429457,FALSE
268,554,2099.251221,45.81758637,0.377850592,2743.256348,52.37610474,0.194395423,FALSE
269,862,1965.314819,44.33187137,0.417544961,2743.463623,52.37808342,0.194334567,FALSE
270,480,2119.588623,46.03899025,0.371823311,2743.634033,52.37971013,0.194284558,FALSE
271,401,2157.450684,46.44836578,0.3606022,2743.658203,52.37994085,0.194277406,FALSE
272,863,1955.521118,44.2212745,0.420447528,2743.797852,52.38127386,0.194236457,FALSE
273,740,2027.18811,45.02430577,0.399207771,2744.62085,52.38912912,0.193994761,FALSE
274,734,1982.276001,44.52275824,0.412518203,2744.730469,52.39017531,0.193962574,FALSE
275,502,2129.978271,46.15168763,0.368744135,2744.784912,52.3906949,0.19394654,FALSE
276,998,1930.650635,43.93916971,0.427818298,2744.952393,52.39229326,0.193897367,FALSE
277,743,1985.719727,44.56141522,0.411497653,2745.073975,52.39345355,0.193861663,FALSE
278,870,1953.559692,44.19909153,0.421028793,2745.19165,52.39457654,0.193827152,FALSE
279,919,1945.856201,44.1118601,0.423311889,2745.33667,52.39596044,0.193784535,FALSE
280,630,2086.076416,45.67358554,0.381755233,2745.852051,52.40087834,0.193633199,FALSE
281,653,2028.335327,45.03704394,0.398867786,2745.876953,52.40111595,0.193625867,FALSE
282,1048,1926.00769,43.88630413,0.429194331,2746.189941,52.40410233,0.193533897,FALSE
283,570,2059.554443,45.38231421,0.389615476,2746.800537,52.40992785,0.193354666,FALSE
284,470,2110.967041,45.94526136,0.374378383,2747.167969,52.41343309,0.193246722,FALSE
285,827,1966.603882,44.34640777,0.417162955,2747.860596,52.42004002,0.193043351,FALSE
286,812,1958.708984,44.25730431,0.419502735,2747.878418,52.42021001,0.193038106,FALSE
287,718,2015.618774,44.89564316,0.402636528,2747.990967,52.42128353,0.193005025,FALSE
288,654,2094.21875,45.76263487,0.37934202,2748.088379,52.42221265,0.192976475,FALSE
289,596,2103.32666,45.86203942,0.376642823,2748.21582,52.42342816,0.192938983,FALSE
290,995,1952.526489,44.18740193,0.421335042,2748.460205,52.42575898,0.192867219,FALSE
291,1002,1928.464966,43.91429113,0.428466082,2748.677002,52.4278266,0.192803562,FALSE
292,717,2031.427246,45.07135727,0.397951424,2749.018555,52.43108386,0.192703307,FALSE
293,883,1941.883545,44.06680775,0.42448926,2749.106689,52.43192433,0.192677438,FALSE
294,882,1941.708984,44.06482707,0.424540937,2750.022217,52.44065424,0.192408562,FALSE
295,337,2191.659912,46.81516754,0.350463688,2750.163574,52.442002,0.192367017,FALSE
296,1001,1928.614746,43.91599647,0.428421676,2750.663086,52.4467643,0.19222033,FALSE
297,992,1933.662354,43.97342781,0.426925719,2750.740234,52.44749979,0.19219768,FALSE
298,860,1952.383057,44.1857789,0.42137754,2750.860107,52.44864257,0.192162514,FALSE
299,600,2061.173096,45.40014423,0.389135659,2750.953857,52.44953629,0.192134917,FALSE
300,1470,1888.111084,43.45240021,0.440425634,2751.220947,52.45208239,0.192056477,FALSE
301,667,2049.060059,45.26654458,0.392725587,2751.460938,52.45437005,0.191986024,FALSE
302,778,1985.488892,44.55882507,0.411566019,2751.754639,52.45716956,0.191899776,FALSE
303,815,1980.97522,44.50814779,0.412903726,2751.760986,52.45723007,0.191897869,FALSE
304,334,2179.071045,46.68052104,0.354194641,2752.207275,52.46148373,0.191766858,FALSE
305,644,2072.220215,45.52164556,0.385861754,2752.3479,52.46282398,0.191725552,FALSE
306,531,2082.686523,45.63646046,0.382759869,2752.352295,52.46286587,0.191724241,FALSE
307,922,1933.782471,43.97479358,0.426890135,2752.465332,52.46394316,0.191691041,FALSE
308,829,1958.243652,44.25204687,0.41964066,2752.486328,52.46414326,0.191684902,FALSE
309,332,2192.759277,46.82690762,0.35013783,2752.648438,52.46568819,0.191637278,TRUE
310,363,2179.757568,46.68787389,0.353991151,2752.699219,52.46617214,0.191622376,FALSE
311,838,1955.724365,44.22357251,0.420387268,2752.783447,52.46697482,0.191597641,FALSE
312,1072,1928.606201,43.91589918,0.42842418,2753.316162,52.47205125,0.191441238,FALSE
313,754,1984.259766,44.54503076,0.411930323,2753.414307,52.47298645,0.191412389,FALSE
314,897,1941.835083,44.06625787,0.424503565,2753.555908,52.47433571,0.191370845,FALSE
315,695,2015.730347,44.89688571,0.402603447,2753.583984,52.47460323,0.19136256,FALSE
316,1522,1868.478882,43.22590522,0.446244001,2753.678955,52.47550815,0.191334665,FALSE
317,1008,1927.277466,43.9007684,0.428817987,2753.864258,52.47727373,0.191280246,FALSE
318,962,1935.875,43.99857952,0.426269948,2754.530273,52.4836191,0.191084683,FALSE
319,801,1967.957397,44.36166586,0.416761816,2754.725098,52.48547511,0.191027462,FALSE
320,1011,1920.563354,43.8242325,0.430807829,2754.919678,52.48732873,0.190970302,FALSE
321,772,2004.605103,44.77281656,0.405900598,2755.027832,52.48835901,0.190938592,FALSE
322,775,1969.870972,44.3832285,0.416194677,2755.045166,52.48852414,0.190933466,FALSE
323,680,2061.47876,45.40351043,0.389045179,2755.04834,52.48855437,0.190932512,FALSE
324,1007,1921.094727,43.83029462,0.430650353,2755.116455,52.48920322,0.190912545,FALSE
325,707,2042.071289,45.1892829,0.394796908,2755.477051,52.49263806,0.190806687,FALSE
326,816,1959.196411,44.2628107,0.419358253,2755.588379,52.49369847,0.190773964,FALSE
327,842,1965.305298,44.33176398,0.417547822,2755.758057,52.49531462,0.190724075,FALSE
328,1041,1943.738892,44.08785424,0.423939347,2756.322021,52.50068591,0.190558493,FALSE
329,657,2042.845337,45.1978466,0.39456749,2756.887451,52.50607061,0.190392494,FALSE
330,375,2148.192627,46.34859898,0.363345981,2756.933105,52.50650536,0.190379083,FALSE
331,463,2109.513184,45.929437,0.374809265,2756.953857,52.50670298,0.190372944,FALSE
332,976,1933.077637,43.96677878,0.427099049,2757.040527,52.50752829,0.190347493,FALSE
333,590,2044.350098,45.21448991,0.394121528,2757.099365,52.50808857,0.190330207,FALSE
334,915,1947.169189,44.12674007,0.42292273,2757.107422,52.50816529,0.190327823,FALSE
335,799,1990.859863,44.61905269,0.409974277,2757.400146,52.51095263,0.190241873,FALSE
336,744,2018.826782,44.93135634,0.401685774,2757.563721,52.51251014,0.190193832,FALSE
337,1132,1911.829834,43.72447637,0.43339622,2757.876221,52.51548553,0.190102041,FALSE
338,1031,1934.008301,43.97736123,0.426823199,2758.121094,52.51781692,0.190030158,FALSE
339,923,1958.338989,44.25312406,0.419612408,2758.284912,52.51937654,0.189982057,FALSE
340,631,2057.577637,45.3605295,0.390201271,2758.399658,52.52046895,0.18994832,FALSE
341,768,1980.014526,44.49735415,0.413188457,2758.551758,52.52191693,0.189903677,FALSE
342,624,2061.502441,45.40377122,0.389038086,2758.750732,52.5238111,0.189845204,FALSE
343,511,2142.174805,46.28363431,0.365129411,2759.133545,52.52745515,0.18973285,FALSE
344,836,2005.240845,44.77991564,0.405712187,2759.134766,52.52746677,0.189732492,FALSE
345,443,2169.721924,46.58027398,0.356965423,2759.203125,52.52811747,0.189712405,FALSE
346,975,1935.980347,43.99977667,0.426238775,2759.261475,52.52867288,0.189695239,FALSE
347,755,2027.652344,45.02946084,0.399070203,2759.657959,52.53244673,0.189578891,FALSE
348,913,1937.507446,44.01712674,0.425786138,2760.054932,52.53622495,0.189462245,FALSE
349,567,2106.015381,45.8913432,0.375845969,2760.107178,52.53672218,0.189446926,FALSE
350,710,2052.530273,45.30485927,0.391697168,2760.15625,52.53718921,0.189432502,FALSE
351,526,2128.583496,46.13657439,0.369157493,2760.290039,52.53846247,0.189393222,FALSE
352,329,2214.945068,47.06320291,0.343562782,2760.355469,52.53908515,0.18937403,TRUE
353,323,2205.562744,46.96341921,0.346343338,2760.380127,52.53931982,0.189366758,TRUE
354,406,2183.826904,46.73143379,0.35278517,2760.67749,52.54214965,0.189279437,FALSE
355,469,2151.701416,46.38643569,0.362306118,2761.223877,52.54734891,0.189119041,FALSE
356,1504,1878.755371,43.34461179,0.443198383,2761.970215,52.55445,0.188899815,FALSE
357,846,1955.479492,44.22080384,0.420459867,2762.014404,52.55487041,0.188886821,FALSE
358,713,2008.605835,44.81747243,0.404714942,2762.289307,52.55748573,0.188806117,FALSE
359,373,2197.233887,46.87466146,0.348811805,2762.303711,52.55762277,0.188801885,FALSE
360,938,1939.657837,44.04154671,0.425148845,2762.309814,52.55768083,0.188800097,FALSE
361,655,2065.774414,45.45079113,0.387772083,2762.313721,52.55771799,0.188798904,FALSE
362,331,2186.916748,46.76448169,0.351869404,2762.461914,52.55912779,0.188755393,FALSE
363,1038,1942.749146,44.07662811,0.424232721,2762.59375,52.56038194,0.18871671,FALSE
364,711,2040.84021,45.17565949,0.395161688,2763.107422,52.56526821,0.188565791,FALSE
365,899,1945.982544,44.11329215,0.423274457,2763.224854,52.5663852,0.188531339,FALSE
366,771,1978.273438,44.47778589,0.413704455,2763.249023,52.5666151,0.188524306,FALSE
367,1037,1924.530273,43.86946858,0.429632187,2763.432129,52.56835673,0.188470483,FALSE
368,728,2030.158325,45.05727827,0.39832747,2763.601563,52.56996826,0.188420713,FALSE
369,741,1993.808838,44.6520866,0.409100294,2763.741943,52.57130342,0.188379526,FALSE
370,760,2012.608765,44.86210834,0.403528571,2763.858154,52.57240868,0.188345373,FALSE
371,338,2185.9729,46.7543891,0.352149129,2763.885742,52.57267106,0.188337326,FALSE
372,817,1999.354126,44.71413788,0.407456875,2763.921631,52.57301238,0.188326716,FALSE
373,774,2005.255493,44.7800792,0.405707836,2763.9375,52.57316331,0.188322067,FALSE
374,342,2189.395996,46.790982,0.351134658,2764.252441,52.57615849,0.18822962,FALSE
375,939,1937.132935,44.01287237,0.425897181,2764.384277,52.57741224,0.188190818,FALSE
376,506,2098.282959,45.80701867,0.378137529,2764.685059,52.58027252,0.188102603,FALSE
377,726,2051.337402,45.29169242,0.392050683,2764.957275,52.58286104,0.188022614,FALSE
378,840,1955.095825,44.21646554,0.420573592,2765.169678,52.5848807,0.187960207,FALSE
379,429,2155.825928,46.43087257,0.361083686,2765.188965,52.58506409,0.187954545,FALSE
380,880,1954.18042,44.20611292,0.420844853,2765.314941,52.58626191,0.187917531,FALSE
381,515,2104.269287,45.87231504,0.376363456,2765.362305,52.58671224,0.187903702,FALSE
382,989,1940.736938,44.05379596,0.424829066,2765.453125,52.58757577,0.187876999,FALSE
383,935,1971.182617,44.3980024,0.415805936,2765.70459,52.58996663,0.187803149,FALSE
384,434,2183.030518,46.72291213,0.353021145,2765.714355,52.59005947,0.187800288,FALSE
385,742,2031.800537,45.07549819,0.397840798,2765.760742,52.59050049,0.187786698,FALSE
386,1519,1871.34729,43.25907177,0.44539386,2765.977051,52.59255699,0.18772316,FALSE
387,1051,1925.518799,43.8807338,0.42933923,2766.036621,52.59312333,0.187705636,FALSE
388,898,1946.050293,44.11406004,0.423254311,2766.647217,52.59892791,0.187526345,FALSE
389,809,1966.628418,44.34668441,0.417155683,2766.707031,52.59949649,0.187508702,FALSE
390,1010,1935.312134,43.99218264,0.426436782,2766.724365,52.59966127,0.187503636,FALSE
391,873,1994.957397,44.66494596,0.408759892,2766.894531,52.6012788,0.187453687,FALSE
392,1141,1912.898071,43.73669022,0.4330796,2767.068604,52.60293341,0.187402546,FALSE
393,407,2134.101318,46.19633447,0.36752218,2767.17749,52.60396839,0.187370598,FALSE
394,1226,1922.716675,43.84879331,0.430169642,2767.198486,52.60416796,0.187364459,FALSE
395,648,2097.416504,45.79756002,0.378394306,2767.489014,52.60692933,0.187279165,FALSE
396,322,2224.911377,47.16896625,0.340609074,2767.649414,52.60845383,0.187231958,TRUE
397,1091,1914.623291,43.75640857,0.432568312,2767.682617,52.60876939,0.187222242,FALSE
398,859,1987.588501,44.58237882,0.410943806,2767.689697,52.60883668,0.187220216,FALSE
399,457,2131.25415,46.16550823,0.368365943,2767.82373,52.61011053,0.187180817,FALSE
400,988,1925.989746,43.88609969,0.429199636,2768.217529,52.61385302,0.187065184,FALSE
401,764,1988.301636,44.59037604,0.410732448,2768.282227,52.61446784,0.18704617,FALSE
402,289,2257.117432,47.50912998,0.331064284,2768.480469,52.61635172,0.186987996,TRUE
403,1075,1931.426025,43.94799228,0.427588522,2768.691895,52.61836081,0.186925828,FALSE
404,1492,1874.157837,43.29154464,0.444560945,2769.052246,52.6217849,0.18682003,FALSE
405,884,1962.319092,44.29807097,0.418432832,2769.078613,52.62203543,0.186812282,FALSE
406,1517,1867.655518,43.2163802,0.446488023,2769.125488,52.62248083,0.186798573,FALSE
407,1131,1911.50769,43.72079243,0.433491647,2769.401123,52.62509974,0.186717629,FALSE
408,1503,1895.610107,43.53860479,0.438203156,2769.523926,52.6262665,0.186681509,FALSE
409,282,2272.703613,47.67288132,0.326445043,2769.53418,52.62636392,0.186678529,TRUE
410,861,1962.324707,44.29813435,0.418431163,2769.78833,52.62877853,0.186603844,FALSE
411,527,2123.825684,46.08498328,0.370567501,2769.924316,52.63007046,0.186563969,FALSE
412,950,1952.559326,44.18777349,0.421325266,2770.293457,52.63357728,0.186455548,FALSE
413,1528,1869.4375,43.23699226,0.445959866,2770.468018,52.63523551,0.186404288,FALSE
414,1068,1940.383911,44.049789,0.424933672,2770.603516,52.63652264,0.186364532,FALSE
415,1227,1897.4104,43.55927456,0.437669635,2770.651367,52.63697719,0.186350405,FALSE
416,1144,1918.03479,43.79537407,0.431557238,2770.860352,52.6389623,0.186289072,FALSE
417,826,1972.43689,44.41212548,0.415434241,2771.06543,52.64091023,0.186228812,FALSE
418,387,2167.917725,46.56090339,0.357500136,2771.125732,52.641483,0.186211169,FALSE
419,533,2106.538818,45.89704586,0.375690818,2771.152344,52.64173576,0.186203301,FALSE
420,297,2243.474121,47.36532615,0.335107625,2771.448975,52.64455313,0.186116219,FALSE
421,900,1939.474609,44.0394665,0.425203145,2771.748535,52.64739818,0.186028242,FALSE
422,386,2193.91626,46.83925981,0.349795043,2771.783691,52.64773206,0.186017931,FALSE
423,837,1957.762573,44.24661087,0.419783235,2772.115723,52.6508853,0.185920358,FALSE
424,318,2217.627441,47.09169185,0.342767775,2772.378418,52.65337993,0.185843289,FALSE
425,757,2033.993652,45.09981876,0.397190809,2772.427979,52.65385056,0.185828745,FALSE
426,703,2069.646484,45.49336748,0.386624455,2772.450928,52.65406848,0.18582195,FALSE
427,1418,1876.909546,43.32331411,0.443745434,2772.63623,52.65582808,0.185767531,FALSE
428,787,2019.986328,44.94425801,0.401342154,2772.636719,52.65583271,0.185767412,FALSE
429,1061,1927.790161,43.90660726,0.428666055,2772.694824,52.65638446,0.185750365,FALSE
430,1505,1875.894165,43.31159389,0.444046319,2772.729004,52.65670901,0.185740292,FALSE
431,649,2092.483154,45.74366791,0.379856467,2772.815674,52.65753198,0.185714841,FALSE
432,881,1970.844971,44.39419974,0.415906012,2773.088379,52.66012133,0.185634792,FALSE
433,378,2184.166748,46.73506979,0.352684379,2773.776367,52.66665327,0.185432673,FALSE
434,1076,1927.46582,43.90291357,0.428762138,2773.810059,52.66697313,0.185422778,FALSE
435,298,2244.008545,47.37096732,0.334949255,2773.988525,52.6686674,0.185370445,FALSE
436,550,2132.795654,46.18220062,0.367909133,2774.033936,52.66909849,0.185357094,FALSE
437,552,2143.99707,46.30331598,0.364589393,2774.205322,52.67072548,0.185306787,FALSE
438,1200,1897.890137,43.56478092,0.437527418,2774.383545,52.67241731,0.185254395,FALSE
439,997,1942.100464,44.06926893,0.424424946,2774.454346,52.67308939,0.185233653,FALSE
440,335,2189.114258,46.78797129,0.351218104,2774.756592,52.67595839,0.185144842,FALSE
441,871,1962.315918,44.29803515,0.418433726,2774.806641,52.67643345,0.185130119,FALSE
442,949,1938.523438,44.02866609,0.425485075,2774.977295,52.67805326,0.185080051,FALSE
443,288,2260.765869,47.5475117,0.329982996,2775.042236,52.67866965,0.185060978,FALSE
444,402,2217.778809,47.09329898,0.342722893,2775.132568,52.67952703,0.185034513,FALSE
445,388,2195.005859,46.85088963,0.349472046,2775.153076,52.67972168,0.185028434,FALSE
446,343,2215.580566,47.06995397,0.343374372,2775.156982,52.67975875,0.185027301,FALSE
447,1162,1905.602417,43.65320626,0.435241759,2775.175781,52.67993718,0.185021758,FALSE
448,433,2163.813721,46.51681116,0.358716369,2775.319336,52.68129968,0.184979618,FALSE
449,818,1978.740845,44.48303997,0.413565934,2775.364014,52.68172372,0.184966445,FALSE
450,994,1928.931519,43.9196029,0.428327799,2775.447998,52.6825208,0.184941828,FALSE
451,727,2011.670654,44.85165163,0.403806627,2775.46167,52.68265056,0.184937835,FALSE
452,346,2197.125488,46.87350518,0.348843873,2775.696777,52.68488187,0.184868813,FALSE
453,920,1952.138184,44.18300786,0.421450078,2776.161377,52.68929091,0.184732378,FALSE
454,1320,1884.397583,43.4096485,0.441526175,2776.289307,52.6905049,0.184694767,FALSE
455,325,2227.127441,47.19245111,0.33995223,2776.346924,52.69105165,0.184677839,FALSE
456,1518,1882.944946,43.39291355,0.441956699,2776.558838,52.69306252,0.184615612,FALSE
457,419,2214.829834,47.06197865,0.343596876,2776.772217,52.69508722,0.184552968,FALSE
458,936,1935.024048,43.98890824,0.426522136,2777.044678,52.69767241,0.184472978,FALSE
459,1049,1929.87207,43.93030924,0.428049088,2777.129883,52.69848084,0.184447885,FALSE
460,1121,1910.848145,43.71324907,0.43368715,2777.170166,52.69886304,0.184436083,FALSE
461,1421,1891.729126,43.49401253,0.439353406,2777.277588,52.69988224,0.184404552,FALSE
462,763,2048.812256,45.26380735,0.392799079,2777.301514,52.70010924,0.184397459,FALSE
463,1538,1861.836792,43.14900685,0.448212445,2777.55249,52.70249036,0.184323788,FALSE
464,593,2082.038086,45.62935553,0.382951975,2777.627197,52.70319912,0.184301853,FALSE
465,551,2104.343506,45.873124,0.376341462,2777.661377,52.70352338,0.18429184,FALSE
466,953,1966.739746,44.34793959,0.417122662,2778.027832,52.70699984,0.184184253,FALSE
467,281,2277.047852,47.71842256,0.325157523,2778.15625,52.70821805,0.184146523,TRUE
468,896,1987.204834,44.57807571,0.411057532,2778.303223,52.70961224,0.18410331,FALSE
469,999,1940.395874,44.04992479,0.424930155,2778.335938,52.70992257,0.184093714,FALSE
470,400,2195.213379,46.85310426,0.349410594,2778.37793,52.7103209,0.184081376,FALSE
471,368,2187.712158,46.77298535,0.351633668,2778.783447,52.71416742,0.183962286,FALSE
472,501,2152.110596,46.39084603,0.362184763,2778.819336,52.71450783,0.183951795,FALSE
473,1217,1900.207397,43.59136838,0.436840713,2778.989746,52.71612416,0.183901727,FALSE
474,1062,1928.529907,43.91503054,0.428446829,2779.07251,52.71690914,0.183877409,FALSE
475,341,2220.783936,47.12519428,0.34183228,2779.21875,52.71829616,0.183834434,FALSE
476,759,2063.266602,45.42319453,0.388515234,2779.21875,52.71829616,0.183834493,FALSE
477,1198,1900.924072,43.59958798,0.436628282,2779.473877,52.72071582,0.18375957,FALSE
478,1230,1897.811035,43.56387305,0.437550902,2780.051025,52.72618918,0.183590055,FALSE
479,1496,1887.62439,43.44679953,0.440569878,2780.166504,52.72728425,0.183556199,FALSE
480,1324,1888.018799,43.45133829,0.440452993,2780.208496,52.72768245,0.183543801,FALSE
481,1269,1910.055298,43.70417941,0.433922112,2780.252197,52.72809685,0.183530986,FALSE
482,310,2235.618652,47.28232918,0.337435782,2780.546143,52.73088414,0.183444679,FALSE
483,1107,1912.776855,43.73530445,0.433115482,2780.579834,52.73120361,0.183434784,FALSE
484,1366,1886.996582,43.43957392,0.440755963,2780.671387,52.73207171,0.183407843,FALSE
485,1246,1911.317871,43.71862156,0.433547914,2780.93335,52.73455556,0.183330953,FALSE
486,762,2009.221436,44.82433977,0.404532492,2780.939941,52.73461805,0.183329046,FALSE
487,1259,1901.062256,43.60117264,0.436587334,2780.975586,52.73495602,0.183318496,FALSE
488,428,2184.891113,46.74281884,0.352469742,2781.593506,52.74081442,0.183137119,FALSE
489,963,1930.977783,43.94289229,0.427721322,2782.02417,52.7448971,0.183010638,FALSE
490,845,1999.478882,44.71553289,0.40741986,2782.082275,52.74544791,0.182993531,FALSE
491,951,1933.482544,43.97138324,0.426979005,2782.168213,52.74626255,0.182968318,FALSE
492,706,2039.13562,45.1567893,0.395666897,2782.172852,52.74630652,0.182966948,FALSE
493,807,2004.469238,44.77129927,0.40594089,2782.277588,52.74729934,0.182936192,FALSE
494,1306,1897.343384,43.5585053,0.437689483,2782.328125,52.74777839,0.18292135,FALSE
495,339,2212.529785,47.03753592,0.344278514,2782.435059,52.74879201,0.182889998,FALSE
496,1138,1941.993164,44.06805151,0.424456775,2782.436768,52.74880821,0.182889402,FALSE
497,1521,1897.807983,43.56383802,0.437551796,2782.466309,52.74908823,0.182880759,FALSE
498,508,2147.430908,46.34038097,0.363571703,2782.470459,52.74912757,0.182879567,FALSE
499,414,2165.483887,46.53475998,0.358221471,2782.53418,52.74973156,0.182860851,FALSE
500,532,2144.936523,46.31345942,0.36431098,2782.575439,52.75012265,0.182848692,FALSE
501,1079,1922.219971,43.84312912,0.430316865,2782.627197,52.75061324,0.182833552,FALSE
502,1317,1888.448364,43.45628107,0.440325677,2782.646729,52.75079837,0.182827771,FALSE
503,911,1971.62793,44.40301712,0.415673971,2782.682861,52.75114085,0.182817221,FALSE
504,374,2211.361572,47.0251164,0.344624758,2782.702637,52.75132829,0.182811379,FALSE
505,1195,1902.060547,43.61261912,0.436291456,2782.994141,52.75409122,0.182725728,FALSE
506,1404,1880.140381,43.36058557,0.442787886,2782.996826,52.75411668,0.182725012,FALSE
507,1527,1917.234619,43.78623778,0.431794345,2783.27002,52.75670592,0.182644725,FALSE
508,1137,1908.602173,43.68755169,0.434352756,2783.301758,52.75700672,0.182635427,FALSE
509,1520,1871.051636,43.25565438,0.445481479,2783.309814,52.75708307,0.182633102,FALSE
510,1191,1912.598145,43.73326131,0.433168471,2783.39209,52.75786282,0.182608902,FALSE
511,1129,1937.245728,44.01415372,0.425863743,2783.512695,52.75900582,0.182573438,FALSE
512,879,2002.96582,44.75450615,0.406386435,2783.539795,52.75926265,0.18256557,FALSE
513,1523,1901.402344,43.60507245,0.436486542,2783.588379,52.75972307,0.182551265,FALSE
514,258,2319.562744,48.16183909,0.312557518,2783.671387,52.76050973,0.182526886,TRUE
515,1214,1905.613892,43.65333769,0.435238361,2783.764404,52.76139123,0.182499528,FALSE
516,1405,1876.941284,43.32368041,0.443735957,2783.892822,52.76260818,0.182461917,FALSE
517,1166,1932.448364,43.95962198,0.427285492,2784.001953,52.76364234,0.18242979,FALSE
518,1307,1898.172363,43.56801996,0.437443793,2784.249268,52.7659859,0.182357192,FALSE
519,273,2291.703613,47.87174128,0.320814073,2784.34375,52.76688119,0.182329416,FALSE
520,1526,1874.584473,43.29647183,0.444434464,2784.527344,52.76862082,0.182275534,FALSE
521,758,1999.932983,44.72061028,0.407285273,2784.538086,52.76872261,0.182272315,FALSE
522,534,2163.310547,46.51140233,0.358865499,2784.548096,52.76881746,0.182269394,FALSE
523,1199,1913.786743,43.74684838,0.432816207,2784.566162,52.76898864,0.182264149,FALSE
524,1535,1906.5354,43.66389126,0.434965253,2784.590088,52.76921534,0.182257116,FALSE
525,1130,1905.040771,43.64677275,0.435408235,2784.62793,52.7695739,0.18224597,FALSE
526,1415,1878.115234,43.33722689,0.443388104,2784.672852,52.76999954,0.182232797,FALSE
527,1452,1877.058838,43.32503708,0.443701148,2784.719238,52.77043906,0.182219148,FALSE
528,848,1966.221191,44.34209277,0.417276382,2784.890137,52.7720583,0.182168961,FALSE
529,1094,1914.592163,43.75605287,0.432577491,2784.911377,52.77225954,0.182162702,FALSE
530,1363,1888.836792,43.46075002,0.440210581,2784.956055,52.77268285,0.182149589,FALSE
531,916,1993.418701,44.64771776,0.409215927,2785.186768,52.77486871,0.182081878,FALSE
532,1059,1926.968018,43.89724385,0.428909719,2785.467041,52.77752401,0.181999505,FALSE
533,1420,1877.594727,43.33122115,0.443542361,2785.595947,52.77874522,0.181961715,FALSE
534,1135,1910.245117,43.70635099,0.433865845,2785.696777,52.77970043,0.181932032,FALSE
535,1480,1871.893311,43.26538236,0.445232034,2785.750488,52.78020925,0.181916356,FALSE
536,1003,1938.718018,44.03087573,0.425427377,2785.906738,52.78168942,0.181870401,FALSE
537,299,2248.392822,47.41722074,0.333649874,2786.002441,52.78259601,0.181842268,FALSE
538,300,2241.905762,47.34876727,0.335572481,2786.033691,52.78289203,0.181833148,FALSE
539,1537,1891.043945,43.48613509,0.43955642,2786.053955,52.78308399,0.181827188,FALSE
540,1006,1944.168457,44.09272567,0.423812032,2786.163086,52.78411774,0.18179518,FALSE
541,1164,1904.484375,43.64039843,0.435573101,2786.474365,52.78706627,0.181703746,FALSE
542,788,1987.664307,44.58322898,0.410921335,2786.613525,52.78838438,0.181662858,FALSE
543,431,2172.176514,46.60661448,0.356237948,2786.625977,52.78850231,0.181659162,FALSE
544,704,2065.262695,45.44516141,0.387923658,2786.700195,52.78920529,0.181637406,FALSE
545,690,2035.109009,45.11218249,0.396860242,2786.828857,52.79042392,0.181599617,FALSE
546,1140,1916.583252,43.77879912,0.431987464,2786.847168,52.79059734,0.181594253,FALSE
547,1044,1938.6604,44.03022144,0.425444484,2786.99585,52.79200555,0.181550622,FALSE
548,1163,1912.44043,43.73145812,0.433215201,2787.016113,52.79219747,0.181544602,FALSE
549,1186,1921.446655,43.83430911,0.430546045,2787.365723,52.79550855,0.181441963,FALSE
550,1351,1889.526489,43.46868401,0.440006196,2787.582275,52.79755937,0.181378365,FALSE
551,952,1934.434326,43.98220465,0.426696956,2787.640869,52.79811426,0.181361198,FALSE
552,1531,1919.672607,43.8140686,0.431071818,2787.8125,52.79973958,0.181310773,FALSE
553,1245,1898.97522,43.57723281,0.437205851,2788.034424,52.8018411,0.181245625,FALSE
554,330,2222.762451,47.14618172,0.341245949,2788.150635,52.80294154,0.181211472,FALSE
555,1124,1917.002808,43.78359062,0.43186307,2788.170654,52.8031311,0.181205571,FALSE
556,1078,1953.998779,44.2040584,0.420898676,2788.178955,52.8032097,0.181203127,FALSE
557,1128,1921.758057,43.837861,0.430453777,2788.181641,52.80323513,0.181202352,FALSE
558,632,2115.359619,45.99303881,0.373076618,2788.395508,52.80526023,0.181139588,FALSE
559,1532,1872.466553,43.27200657,0.44506216,2788.594238,52.80714192,0.181081176,FALSE
560,1134,1933.64502,43.97323072,0.426930845,2788.66748,52.80783541,0.181059718,FALSE
561,1506,1897.716309,43.56278582,0.437578976,2788.874268,52.80979329,0.180998921,FALSE
562,921,1940.953491,44.05625371,0.424764872,2788.916016,52.81018856,0.180986702,FALSE
563,403,2177.581299,46.66456149,0.354636133,2788.98584,52.81084964,0.180966198,FALSE
564,416,2213.654053,47.04948515,0.343945384,2789.043457,52.81139514,0.180949271,FALSE
565,1000,1937.087036,44.01235095,0.425910771,2789.173828,52.81262944,0.180911005,FALSE
566,991,1943.584473,44.08610294,0.423985124,2789.351318,52.81430979,0.18085885,FALSE
567,1009,1931.14978,43.9448493,0.42767036,2789.357178,52.81436526,0.180857182,FALSE
568,1534,1873.012329,43.27831246,0.444900393,2789.475586,52.81548623,0.180822372,FALSE
569,1229,1906.788818,43.66679309,0.434890151,2789.546875,52.81616112,0.180801451,FALSE
570,885,1954.861816,44.21381929,0.420642912,2789.828613,52.81882821,0.18071866,FALSE
571,1013,1932.843872,43.96412028,0.42716831,2790.12915,52.82167311,0.180630505,FALSE
572,1507,1873.987183,43.2895736,0.44461149,2790.174561,52.82210295,0.180617154,FALSE
573,1187,1956.572998,44.23316627,0.420135796,2790.398438,52.82422207,0.18055135,FALSE
574,1353,1896.067383,43.54385586,0.438067615,2790.401367,52.8242498,0.180550456,FALSE
575,311,2255.404053,47.49109446,0.331572056,2790.437256,52.8245895,0.180539966,FALSE
576,1529,1904.901855,43.64518135,0.435449421,2790.471436,52.82491302,0.180529952,FALSE
577,345,2219.814453,47.11490691,0.342119634,2790.482178,52.8250147,0.180526793,FALSE
578,1133,1914.009399,43.74939313,0.432750225,2790.518311,52.8253567,0.180516183,FALSE
579,977,1947.043457,44.12531538,0.422959983,2790.571289,52.82585815,0.180500627,FALSE
580,1196,1906.219727,43.6602763,0.435058832,2790.778076,52.82781536,0.18043983,FALSE
581,1050,1935.936401,43.99927728,0.426251769,2790.827637,52.82828444,0.180425346,FALSE
582,841,1996.05249,44.67720325,0.408435345,2790.83374,52.82834221,0.180423498,FALSE
583,284,2292.491455,47.87996925,0.320580542,2791.035889,52.83025543,0.180364192,FALSE
584,1482,1895.02002,43.53182766,0.438378036,2791.068359,52.83056274,0.180354655,FALSE
585,965,1960.404907,44.27645997,0.419000149,2791.080566,52.83067827,0.180351019,FALSE
586,1092,1921.386353,43.83362126,0.430563927,2791.115234,52.83100637,0.180340886,FALSE
587,1106,1913.871826,43.74782082,0.432790995,2791.333496,52.83307199,0.180276752,FALSE
588,291,2283.212891,47.782977,0.323330402,2791.851563,52.83797463,0.18012464,FALSE
589,1160,1905.414673,43.6510558,0.43529743,2792.006104,52.83943701,0.180079222,FALSE
590,1012,1942.4198,44.07289189,0.424330294,2792.017334,52.83954328,0.180075943,FALSE
591,790,2022.252075,44.96945714,0.400670648,2792.023438,52.83960103,0.180074155,FALSE
592,1081,1932.928711,43.96508514,0.427143157,2792.063477,52.83997991,0.180062354,FALSE
593,1165,1902.472656,43.61734353,0.436169326,2792.086182,52.84019475,0.180055737,FALSE
594,317,2216.662598,47.08144643,0.343053758,2792.281982,52.84204749,0.179998219,FALSE
595,617,2128.485596,46.13551339,0.369186521,2792.402344,52.84318635,0.179962873,FALSE
596,1321,1913.074463,43.73870669,0.433027327,2792.415771,52.8433134,0.17995894,FALSE
597,1197,1912.970947,43.73752333,0.433057964,2792.429688,52.84344508,0.179954886,FALSE
598,1225,1902.625366,43.61909406,0.436124086,2792.44751,52.84361371,0.179949641,FALSE
599,1108,1943.239136,44.08218615,0.424087465,2792.468506,52.84381237,0.179943502,FALSE
600,272,2292.434814,47.87937776,0.320597351,2792.496094,52.8440734,0.179935336,FALSE
601,1530,1876.021118,43.31305944,0.444008708,2792.577637,52.84484494,0.179911435,FALSE
602,1336,1888.144653,43.45278649,0.44041568,2792.796387,52.84691464,0.179847121,FALSE
603,1350,1904.880981,43.64494222,0.43545562,2792.865234,52.84756602,0.179826975,FALSE
604,798,1999.884399,44.72006708,0.407299697,2792.9104,52.84799334,0.179813683,FALSE
605,1192,1908.064819,43.6814013,0.434512019,2793.407471,52.85269596,0.179667711,FALSE
606,507,2171.857178,46.60318849,0.3563326,2793.413818,52.85275601,0.179665864,FALSE
607,1088,1948.251709,44.1390044,0.422601938,2793.724854,52.8556984,0.17957449,FALSE
608,849,2029.337891,45.048173,0.398570657,2793.831543,52.85670764,0.179543197,FALSE
609,309,2247.787598,47.4108384,0.333829284,2793.855957,52.85693859,0.179535985,FALSE
610,996,1940.138672,44.04700525,0.42500639,2793.866455,52.8570379,0.179532945,FALSE
611,1491,1879.09021,43.34847414,0.443099141,2794.038086,52.85866141,0.179482579,FALSE
612,835,1989.514038,44.60396886,0.410373092,2794.122803,52.85946275,0.179457605,FALSE
613,324,2218.393311,47.09982283,0.342540801,2794.227295,52.86045114,0.179426908,FALSE
614,1318,1894.352783,43.52416321,0.438575804,2794.260742,52.86076751,0.179417133,FALSE
615,1384,1894.143188,43.52175535,0.438637912,2794.26709,52.86082756,0.179415286,FALSE
616,1032,1960.012329,44.27202649,0.419116437,2794.399658,52.86208148,0.179376304,FALSE
617,1364,1885.114502,43.41790532,0.441313684,2794.473145,52.86277655,0.179354787,FALSE
618,510,2154,46.41120554,0.361624837,2794.477051,52.8628135,0.179353654,FALSE
619,1334,1886.964355,43.43920298,0.4407655,2794.479004,52.86283197,0.179352999,FALSE
620,1298,1890.589111,43.48090513,0.439691246,2794.584961,52.86383415,0.179321945,FALSE
621,681,2052.760986,45.30740542,0.391628802,2794.756592,52.86545745,0.179271519,FALSE
622,1481,1887.049072,43.44017809,0.440740407,2794.785889,52.86573454,0.179262936,FALSE
623,1142,1908.264038,43.6836816,0.434452951,2795.125732,52.86894866,0.179163098,FALSE
624,864,2019.654907,44.94057084,0.401440382,2795.256348,52.87018392,0.179124773,FALSE
625,1376,1891.857056,43.49548316,0.439315438,2795.55127,52.87297296,0.179038167,FALSE
626,1308,1910.488037,43.70912991,0.433793843,2795.690674,52.87429124,0.178997219,FALSE
627,1403,1917.915527,43.79401246,0.431592584,2795.746582,52.87481992,0.178980768,FALSE
628,986,1946.687134,44.12127756,0.423065603,2795.940674,52.87665528,0.178923786,FALSE
629,1280,1897.089111,43.55558645,0.437764823,2796.196045,52.87907001,0.178848803,FALSE
630,1524,1871.825317,43.26459658,0.44525224,2796.232666,52.87941628,0.178838015,FALSE
631,1242,1905.647339,43.65372079,0.435228467,2796.39502,52.88095139,0.178790331,FALSE
632,803,2018.665283,44.92955913,0.401733637,2796.421387,52.88120069,0.178782642,FALSE
633,1179,1977.611816,44.47034761,0.413900554,2796.603516,52.88292272,0.178729177,FALSE
634,316,2251.610596,47.45113903,0.332696319,2796.831543,52.88507864,0.178662181,FALSE
635,1014,2009.85022,44.83135309,0.404346108,2797.152832,52.88811617,0.178567827,FALSE
636,902,1955.109253,44.21661738,0.420569599,2797.691162,52.89320525,0.178409755,FALSE
637,260,2317.444092,48.13983893,0.313185394,2797.760986,52.8938653,0.178389192,FALSE
638,1473,1937.565308,44.01778399,0.425769031,2797.813477,52.89436148,0.178373814,FALSE
639,1525,1903.697144,43.63137797,0.435806453,2797.834717,52.89456226,0.178367615,FALSE
640,1467,1909.342529,43.69602418,0.434133291,2797.850586,52.89471227,0.178362966,FALSE
641,1161,1921.450073,43.8343481,0.430545032,2797.9104,52.89527768,0.178345323,FALSE
642,1377,1884.498291,43.41080846,0.441496372,2797.933105,52.8954923,0.178338706,FALSE
643,356,2222.946777,47.14813652,0.341191351,2798.041016,52.89651232,0.178306997,FALSE
644,1030,1931.026489,43.94344649,0.427706957,2798.077637,52.89685848,0.178296208,FALSE
645,1437,1893.173584,43.51061461,0.438925266,2798.126709,52.89732232,0.178281844,FALSE
646,270,2311.586426,48.07896032,0.314921439,2798.15918,52.89762924,0.178272307,FALSE
647,1213,1922.890625,43.85077679,0.430118144,2798.330566,52.8992492,0.178221941,FALSE
648,1390,1878.074219,43.33675367,0.443400204,2798.426514,52.90015608,0.178193748,FALSE
649,1388,1879.74939,43.35607673,0.442903757,2798.42749,52.90016531,0.17819351,FALSE
650,1417,1881.275146,43.37366882,0.442451596,2798.551758,52.90133985,0.178156972,FALSE
651,1065,2000.736938,44.72959801,0.407047033,2798.5896,52.90169751,0.178145885,FALSE
652,248,2341.788086,48.39202502,0.305970669,2798.666992,52.90242898,0.178123176,TRUE
653,802,2046.878418,45.24244045,0.393372178,2798.98291,52.90541475,0.178030372,FALSE
654,643,2119.26123,46.03543451,0.371920288,2799.0354,52.90591083,0.178014994,FALSE
655,1193,1909.71521,43.70028844,0.434022903,2799.064697,52.9061877,0.178006411,FALSE
656,1074,1926.759766,43.89487175,0.42897141,2799.081055,52.90634229,0.178001583,FALSE
657,1414,1898.512573,43.57192414,0.437343001,2799.091797,52.90644381,0.177998424,FALSE
658,1500,1903.552734,43.62972306,0.435849249,2799.09375,52.90646227,0.177997887,FALSE
659,978,1937.826538,44.02075122,0.425691605,2799.121826,52.90672761,0.177989602,FALSE
660,430,2215.52124,47.06932377,0.343391955,2799.553955,52.91081133,0.177862704,FALSE
661,868,2018.601807,44.92885272,0.401752472,2799.663818,52.91184951,0.177830458,FALSE
662,256,2340.085449,48.3744297,0.306475222,2799.684814,52.91204791,0.177824318,FALSE
663,1105,1927.709717,43.90569117,0.428689897,2799.777344,52.91292228,0.177797079,FALSE
664,1190,1904.032837,43.63522473,0.435706973,2799.799316,52.91312991,0.177790642,FALSE
665,1201,1936.332397,44.00377708,0.426134408,2800.303711,52.91789594,0.177642524,FALSE
666,448,2155.931641,46.43201095,0.361052334,2800.312744,52.91798129,0.177639842,FALSE
667,954,1958.503418,44.25498184,0.419563651,2800.322998,52.91807818,0.177636862,FALSE
668,1215,1904.396729,43.63939423,0.435599089,2800.349365,52.91832731,0.177629113,FALSE
669,830,2029.095337,45.04548076,0.39864254,2800.476318,52.91952682,0.177591801,FALSE
670,1090,1934.257202,43.98019102,0.426749408,2800.646729,52.92113688,0.177541792,FALSE
671,1536,1873.843628,43.2879155,0.444654047,2800.706299,52.9216997,0.177524269,FALSE
672,1104,1919.033691,43.80677677,0.431261182,2800.744385,52.92205953,0.177513063,FALSE
673,1516,1905.828979,43.65580121,0.435174644,2800.751221,52.92212411,0.177511096,FALSE
674,1194,1907.817139,43.67856612,0.434585392,2800.863037,52.92318053,0.177478254,FALSE
675,1087,1928.572144,43.91551142,0.428434312,2800.880859,52.92334891,0.177473068,FALSE
676,1439,1877.737793,43.33287197,0.443499923,2800.995361,52.92443067,0.177439392,FALSE
677,262,2327.211914,48.24118483,0.310290456,2801.12207,52.92562773,0.177402198,FALSE
678,1424,1893.339111,43.51251672,0.438876212,2801.498291,52.92918185,0.177291691,FALSE
679,712,2091.784668,45.73603249,0.380063474,2801.669434,52.93079854,0.177241445,FALSE
680,937,1946.248047,44.11630137,0.42319572,2801.68042,52.93090232,0.177238226,FALSE
681,901,1980.678345,44.5048126,0.412991762,2801.69165,52.9310084,0.177234948,FALSE
682,1461,1883.765381,43.40236607,0.441713572,2801.724854,52.93132205,0.177225173,FALSE
683,1262,1913.880371,43.74791848,0.432788491,2801.81958,52.93221684,0.177197337,FALSE
684,1178,1906.405762,43.66240673,0.435003698,2801.84082,52.93241748,0.177191079,FALSE
685,1085,1944.48938,44.0963647,0.423716962,2801.998779,52.93390954,0.177144766,FALSE
686,1297,1896.566162,43.5495828,0.437919855,2802.202881,52.9358374,0.177084804,FALSE
687,1120,1939.163574,44.03593503,0.425295353,2802.30542,52.93680591,0.177054644,FALSE
688,1216,1921.862671,43.83905417,0.430422783,2802.372803,52.93744235,0.177034855,FALSE
689,1243,1916.424927,43.77699084,0.432034373,2802.708984,52.94061753,0.17693615,FALSE
690,247,2342.587402,48.40028308,0.305733681,2802.723877,52.94075818,0.176931739,TRUE
691,720,2053.5,45.31556024,0.391409755,2802.857178,52.94201713,0.176892698,FALSE
692,1244,1903.713745,43.63156822,0.435801506,2802.982178,52.94319765,0.176855981,FALSE
693,1040,1931.222046,43.94567153,0.427648962,2803,52.94336597,0.176850677,FALSE
694,1352,1918.364746,43.79914093,0.431459427,2803.012695,52.94348586,0.176846921,FALSE
695,1386,1883.782837,43.40256717,0.441708386,2803.051514,52.94385246,0.176835537,FALSE
696,843,2011.7052,44.85203675,0.403796375,2803.086182,52.94417987,0.176825404,FALSE
697,847,2005.763672,44.785753,0.405557275,2803.095947,52.94427209,0.176822484,FALSE
698,719,2107.001221,45.90208297,0.375553727,2803.134277,52.94463408,0.176811278,FALSE
699,1330,1908.162964,43.6825247,0.434482932,2803.258057,52.94580301,0.176774919,FALSE
700,295,2299.095459,47.94888381,0.318623304,2803.35498,52.94671832,0.176746488,FALSE
701,1228,1903.712402,43.63155283,0.435801923,2803.403809,52.94717942,0.176732123,FALSE
702,1333,1910.09729,43.70465982,0.433909655,2803.503418,52.94812006,0.176702857,FALSE
703,789,2053.987549,45.32093941,0.391265273,2803.529541,52.94836675,0.176695228,FALSE
704,259,2328.465332,48.25417424,0.309919,2803.616455,52.94918748,0.176669657,FALSE
705,1073,1947.322998,44.12848284,0.422877192,2803.788818,52.95081509,0.176619053,FALSE
706,1247,1901.459473,43.60572752,0.436469615,2803.871582,52.9515966,0.176594734,FALSE
707,1509,1894.68042,43.5279269,0.438478708,2803.904785,52.95191012,0.176584959,FALSE
708,1436,1879.613037,43.35450423,0.442944169,2804.201172,52.95470868,0.176497936,FALSE
709,1093,1922.901855,43.85090484,0.430114806,2804.274902,52.95540485,0.1764763,FALSE
710,1270,1913.25,43.7407133,0.432975292,2804.32251,52.95585435,0.176462293,FALSE
711,1385,1889.874634,43.47268837,0.439903021,2804.463379,52.95718439,0.176420987,FALSE
712,249,2342.362305,48.39795765,0.305800438,2804.477051,52.95731348,0.176416993,FALSE
713,1223,1912.00769,43.72651016,0.43334347,2804.530518,52.95781829,0.176401258,FALSE
714,1095,1948.718018,44.14428635,0.422463715,2804.592773,52.95840607,0.176382959,FALSE
715,808,2025.503418,45.00559319,0.399707019,2804.623779,52.95869881,0.176373839,FALSE
716,1471,1894.120728,43.5214973,0.438644588,2804.628906,52.95874721,0.176372349,FALSE
717,1167,1918.173462,43.79695722,0.431516171,2804.760254,52.95998729,0.176333785,FALSE
718,924,1958.329346,44.2530151,0.419615269,2804.791016,52.96027771,0.176324785,FALSE
719,1387,1897.243774,43.55736189,0.437718987,2804.812256,52.96047824,0.176318467,FALSE
720,1042,1935.147339,43.9903096,0.426485598,2804.932617,52.96161456,0.176283181,FALSE
721,1440,1897.423462,43.55942449,0.437665761,2805.138672,52.96355985,0.176222622,FALSE
722,1451,1900.831543,43.59852684,0.4366557,2805.24585,52.96457165,0.176191211,FALSE
723,1323,1919.724854,43.81466482,0.43105638,2805.355713,52.96560877,0.176158905,FALSE
724,1460,1888.242554,43.45391299,0.440386653,2805.448242,52.96648225,0.176131785,FALSE
725,371,2202.247803,46.92811314,0.347325742,2805.570313,52.96763458,0.176095843,FALSE
726,926,1978.501953,44.48035469,0.413636744,2805.578857,52.96771524,0.17609334,FALSE
727,1143,1945.723389,44.11035466,0.423351228,2805.900146,52.97074803,0.175999045,FALSE
728,1419,1888.021362,43.45136778,0.440452218,2805.958252,52.97129649,0.175981998,FALSE
729,1047,1977.539917,44.4695392,0.413921893,2805.963867,52.97134949,0.17598027,FALSE
730,852,2011.640381,44.85131415,0.403815627,2806.154541,52.97314925,0.175924361,FALSE
731,934,1952.485474,44.18693782,0.421347141,2806.230713,52.97386821,0.175901949,FALSE
732,844,1968.583618,44.36872342,0.416576207,2806.35083,52.97500194,0.175866663,FALSE
733,1089,1916.335571,43.77597025,0.432060838,2806.811768,52.97935228,0.175731301,FALSE
734,462,2217.562256,47.09099973,0.342787087,2806.875732,52.97995595,0.175712526,FALSE
735,219,2402.489014,49.01519166,0.287980855,2806.986328,52.98099969,0.175680041,TRUE
736,250,2336.24707,48.33473979,0.307612836,2807.095947,52.98203419,0.175647855,FALSE
737,947,1957.499146,44.24363395,0.419861257,2807.46582,52.98552463,0.175539196,FALSE
738,895,1964.996582,44.32828197,0.417639315,2807.468506,52.98554997,0.17553848,FALSE
739,1319,1903.165161,43.62528122,0.435964108,2808.223633,52.99267528,0.175316691,FALSE
740,1383,1882.203491,43.3843692,0.442176461,2808.364014,52.99399979,0.175275505,FALSE
741,404,2225.842529,47.17883561,0.340333045,2808.711426,52.99727753,0.175173461,FALSE
742,1122,1908.976074,43.69183075,0.434241951,2808.825928,52.99835778,0.175139785,FALSE
743,1389,1907.309692,43.67275687,0.434735775,2809.146729,53.00138421,0.175045609,FALSE
744,302,2288.343994,47.83663862,0.321809649,2809.179932,53.00169744,0.175035834,FALSE
745,1375,1920.678345,43.82554443,0.430773795,2809.587402,53.00554124,0.174916208,FALSE
746,218,2406.1875,49.05290511,0.286884725,2809.936768,53.00883669,0.174813569,TRUE
747,1035,1951.147583,44.17179624,0.421743691,2810.079102,53.01017923,0.174771786,FALSE
748,254,2348.240967,48.45865214,0.304058194,2810.208008,53.01139508,0.174733937,FALSE
749,496,2184.610596,46.7398181,0.352552831,2810.360596,53.01283425,0.174689114,FALSE
750,1493,1889.870728,43.47264344,0.439904153,2810.441162,53.01359413,0.174665511,FALSE
751,271,2307.095947,48.03223862,0.316252232,2810.495361,53.01410531,0.174649596,FALSE
752,876,2009.40332,44.82636858,0.40447855,2810.800781,53.01698578,0.174559891,FALSE
753,1289,1893.611328,43.51564464,0.438795567,2810.979492,53.01867117,0.17450738,FALSE
754,1077,1932.062744,43.95523569,0.427399814,2811.15625,53.02033808,0.174455523,FALSE
755,1069,1969.963257,44.38426812,0.416167319,2811.230713,53.02104028,0.174433589,FALSE
756,1071,1959.255737,44.26348085,0.41934067,2811.292725,53.02162507,0.17441541,FALSE
757,850,1997.249634,44.69059894,0.408080578,2811.332275,53.02199803,0.174403787,FALSE
758,1268,1902.238525,43.61465952,0.436238766,2811.47583,53.02335174,0.174361587,FALSE
759,1335,1912.370972,43.73066397,0.433235824,2811.547119,53.02402398,0.174340665,FALSE
760,241,2355.100342,48.52937607,0.302025318,2811.69751,53.0254421,0.174296498,FALSE
761,1188,1920.155029,43.81957359,0.430928826,2811.766113,53.02608899,0.174276352,FALSE
762,1508,1945.390381,44.10657979,0.423449934,2811.789063,53.02630538,0.174269676,FALSE
763,227,2383.579346,48.82191461,0.293585062,2811.818359,53.02658163,0.174261093,FALSE
764,1365,1912.806152,43.73563938,0.43310684,2811.939941,53.02772804,0.174225271,FALSE
765,497,2162.69873,46.50482481,0.359046817,2811.988525,53.02818614,0.174211085,FALSE
766,348,2252.34082,47.4588329,0.332479835,2812.166748,53.02986657,0.174158692,FALSE
767,1060,1948.891602,44.14625241,0.422412276,2812.365234,53.03173799,0.174100459,FALSE
768,252,2348.235107,48.45859168,0.304059923,2812.542725,53.0334114,0.174048364,FALSE
769,290,2292.112305,47.8760097,0.320692897,2812.590332,53.03386024,0.174034297,FALSE
770,1064,1941.754272,44.06534094,0.424527526,2812.656982,53.03448861,0.174014747,FALSE
771,918,1999.752075,44.71858758,0.407338858,2812.764404,53.03550136,0.173983276,FALSE
772,761,2081.827393,45.62704672,0.383014441,2812.899414,53.03677417,0.173943579,FALSE
773,985,2007.578125,44.80600546,0.405019522,2813.257324,53.04014823,0.173838496,FALSE
774,961,2003.166382,44.75674677,0.406327009,2813.617676,53.04354509,0.173732638,FALSE
775,993,1963.807617,44.31486903,0.417991698,2813.640869,53.04376372,0.173725843,FALSE
776,914,1988.586548,44.5935707,0.410647988,2813.709961,53.04441498,0.173705578,FALSE
777,1258,1921.876099,43.83920732,0.430418789,2813.759277,53.04487984,0.173691034,FALSE
778,1314,1940.428101,44.05029058,0.424920559,2813.771973,53.04499951,0.173687339,FALSE
779,867,1988.837402,44.59638329,0.410573661,2813.861328,53.04584176,0.173661053,FALSE
780,1125,1966.956543,44.3503838,0.417058468,2814.496094,53.0518246,0.173474669,FALSE
781,315,2276.043945,47.70790234,0.32545501,2814.727051,53.05400127,0.173406899,FALSE
782,1337,1925.851074,43.88451976,0.429240704,2814.883057,53.05547151,0.173361003,FALSE
783,415,2248.482422,47.41816553,0.33362335,2815.016602,53.05673003,0.173321784,FALSE
784,1348,1914.391479,43.7537596,0.432636976,2815.230469,53.05874545,0.17325902,FALSE
785,1139,1914.847534,43.7589709,0.432501853,2815.296875,53.05937123,0.17323947,FALSE
786,1438,1890.661865,43.48174175,0.439669669,2815.438477,53.06070558,0.173197925,FALSE
787,228,2384.342041,48.82972497,0.293358982,2815.611572,53.06233666,0.173147082,FALSE
788,1490,1915.057617,43.76137129,0.432439566,2815.703613,53.06320395,0.173120081,FALSE
789,1150,1931.663452,43.95069342,0.427518129,2815.738281,53.06353061,0.173109889,FALSE
790,1533,1924.721436,43.87164729,0.429575562,2815.764404,53.06377676,0.17310226,FALSE
791,1469,1892.092773,43.49819276,0.439245582,2815.786377,53.0639838,0.173095822,FALSE
792,1296,1931.602661,43.95000183,0.42753619,2816.046387,53.06643371,0.173019409,FALSE
793,1327,1952.771362,44.19017269,0.421262443,2816.056641,53.06653032,0.173016429,FALSE
794,1159,1940.249146,44.04825928,0.424973607,2816.129883,53.06722042,0.172994852,FALSE
795,1218,1945.896362,44.11231531,0.423299968,2816.203613,53.0679151,0.172973275,FALSE
796,932,1977.132446,44.46495751,0.414042592,2816.354248,53.06933435,0.172928989,FALSE
797,446,2216.419434,47.07886398,0.34312582,2816.504639,53.07075125,0.172884822,FALSE
798,1271,1911.026611,43.71529036,0.433634222,2816.561768,53.07128948,0.172868013,FALSE
799,1082,1995.834839,44.67476736,0.408499837,2816.578857,53.07145049,0.172863007,FALSE
800,987,1975.013062,44.44111904,0.414670765,2816.658447,53.07220032,0.172839642,FALSE
801,623,2175.232422,46.63938702,0.355332255,2816.887695,53.07436006,0.172772288,FALSE
802,243,2376.993896,48.75442438,0.295536816,2817.467041,53.07981764,0.172602177,FALSE
803,1322,1896.509155,43.54892829,0.437936723,2817.591309,53.0809882,0.172565699,FALSE
804,1109,1937.630981,44.01852998,0.42574954,2817.698486,53.08199776,0.172534287,FALSE
805,257,2352.388672,48.50142959,0.302828968,2817.878906,53.08369718,0.172481298,FALSE
806,618,2116.696777,46.00757304,0.372680366,2817.966309,53.08452042,0.172455609,FALSE
807,1309,1903.151001,43.62511892,0.43596828,2818.021729,53.08504242,0.172439277,FALSE
808,1260,1905.231689,43.64895978,0.43535167,2818.051514,53.08532296,0.172430515,FALSE
809,461,2202.362793,46.9293383,0.347291708,2818.306396,53.08772359,0.172355711,FALSE
810,1299,1946.353882,44.11750086,0.423164368,2818.386963,53.08848239,0.172332048,FALSE
811,1393,1934.355835,43.98131234,0.426720202,2818.390869,53.08851918,0.172330916,FALSE
812,1423,1915.423584,43.76555248,0.432331085,2818.445801,53.08903654,0.172314763,FALSE
813,296,2298.190674,47.93944799,0.318891466,2818.482178,53.08937914,0.172304034,FALSE
814,1326,1898.311401,43.56961558,0.437402606,2818.7771,53.09215667,0.172217488,FALSE
815,1513,1920.989136,43.82909006,0.430681646,2818.972168,53.09399371,0.172160149,FALSE
816,1084,2003.113892,44.75616038,0.406342566,2819.074707,53.09495934,0.172130108,FALSE
817,361,2235.875488,47.28504508,0.337359667,2819.249512,53.09660546,0.172078729,FALSE
818,286,2303.511719,47.99491347,0.317314446,2819.31958,53.09726528,0.172058165,FALSE
819,1495,1933.051636,43.96648309,0.427106738,2819.448486,53.09847913,0.172020376,FALSE
820,1261,1933.754639,43.97447713,0.42689836,2819.525879,53.09920789,0.171997607,FALSE
821,283,2307.364014,48.03502903,0.316172779,2819.692871,53.10078032,0.171948552,FALSE
822,1476,1900.021362,43.58923448,0.436895847,2819.984131,53.10352277,0.171863019,FALSE
823,833,2011.7771,44.85283826,0.403775096,2820.010986,53.10377563,0.171855092,FALSE
824,964,1976.680908,44.45987976,0.414176464,2820.274414,53.10625588,0.171777785,FALSE
825,1489,1890.855103,43.48396374,0.439612389,2820.312012,53.10660987,0.171766698,FALSE
826,1313,1902.867065,43.62186453,0.436052442,2820.325195,53.10673399,0.171762884,FALSE
827,1028,1976.269653,44.45525451,0.414298356,2820.375732,53.1072098,0.171747983,FALSE
828,320,2270.138184,47.64596713,0.3272053,2820.419922,53.10762584,0.171734989,FALSE
829,418,2202.892334,46.93497985,0.347134769,2820.714111,53.11039551,0.171648622,FALSE
830,1119,1927.814819,43.90688806,0.428658724,2820.747314,53.1107081,0.171638906,FALSE
831,1288,1899.184937,43.57963901,0.437143683,2820.884766,53.11200209,0.171598494,FALSE
832,381,2241.384033,47.34325753,0.335727096,2821.453857,53.11735929,0.171431363,FALSE
833,1483,1906.682861,43.66557982,0.434921563,2821.534424,53.11811766,0.171407759,FALSE
834,1118,1993.604248,44.64979561,0.409160912,2821.551758,53.11828083,0.171402633,FALSE
835,1024,1967.532837,44.35688038,0.416887641,2821.554443,53.1183061,0.171401858,FALSE
836,1315,1896.26062,43.54607468,0.438010395,2821.595947,53.11869678,0.171389639,FALSE
837,209,2426.029053,49.25473635,0.281004369,2821.707275,53.11974468,0.171356976,TRUE
838,210,2425.125,49.24555818,0.281272292,2821.877197,53.12134408,0.171307087,FALSE
839,230,2379.619385,48.78134259,0.294758618,2821.947021,53.12200129,0.171286583,FALSE
840,1474,1899.071899,43.57834209,0.437177241,2822.197266,53.12435661,0.17121309,FALSE
841,1052,2026.431763,45.01590566,0.399431944,2822.338623,53.12568704,0.171171546,FALSE
842,622,2135.59375,46.21248478,0.367079914,2822.476563,53.12698526,0.171131074,FALSE
843,212,2429.894531,49.29396039,0.279858708,2823.164307,53.13345751,0.170929134,FALSE
844,946,2033.461548,45.09391919,0.397348523,2823.514404,53.13675192,0.170826256,FALSE
845,1402,1900.299927,43.5924297,0.436813295,2823.561768,53.13719759,0.170812428,FALSE
846,1441,1886.206299,43.43047661,0.44099015,2823.65625,53.13808662,0.170784652,FALSE
847,1472,1888.807983,43.46041858,0.440219104,2823.698486,53.13848404,0.170772195,FALSE
848,721,2103.133057,45.85992866,0.376700163,2823.713623,53.13862647,0.170767784,FALSE
849,1347,1921.663818,43.83678613,0.430481732,2823.911377,53.14048717,0.170709729,FALSE
850,223,2413.866455,49.13111494,0.28460896,2824.127441,53.14252009,0.17064625,FALSE
851,516,2211.114746,47.02249192,0.344697893,2824.241699,53.14359509,0.170612693,FALSE
852,1045,1992.752563,44.64025721,0.409413338,2824.255127,53.14372143,0.170608759,FALSE
853,347,2263.367676,47.57486391,0.329211831,2824.292969,53.14407746,0.170597613,FALSE
854,1176,1984.809692,44.55120304,0.411767304,2824.322754,53.14435769,0.170588911,FALSE
855,1022,1977.25769,44.46636583,0.414005518,2824.446533,53.14552223,0.170552552,FALSE
856,656,2132.899414,46.18332398,0.367878437,2824.855957,53.149374,0.170432329,FALSE
857,878,1982.220947,44.52213997,0.412534535,2825.259766,53.15317268,0.170313716,FALSE
858,925,2019.497925,44.93882425,0.401486874,2825.475342,53.15520052,0.170250475,FALSE
859,1406,1916.893311,43.78234017,0.431895494,2825.483887,53.15528089,0.170247972,FALSE
860,1224,1943.987793,44.09067694,0.423865616,2825.744873,53.15773578,0.170171261,FALSE
861,1189,1941.681763,44.06451818,0.424549043,2825.801514,53.15826854,0.170154631,FALSE
862,831,2008.416016,44.81535469,0.404771209,2826.123291,53.16129505,0.170060158,FALSE
863,1219,1913.90332,43.74818077,0.432781637,2826.178955,53.16181858,0.170043826,FALSE
864,979,2011.990845,44.85522093,0.403711736,2826.679443,53.16652559,0.169896841,FALSE
865,1362,1926.90271,43.89649997,0.42892909,2826.72583,53.16696183,0.169883192,FALSE
866,1332,1895.301636,43.53506214,0.43829459,2826.857666,53.16820164,0.169844449,FALSE
867,1279,1902.063721,43.61265551,0.436290503,2826.873779,53.16835317,0.169839799,FALSE
868,432,2244.212402,47.37311898,0.334888816,2826.922852,53.16881465,0.169825375,FALSE
869,1231,1943.51062,44.08526534,0.424006999,2827.022217,53.16974908,0.169796169,FALSE
870,327,2261.457031,47.55477927,0.329778135,2827.167969,53.17111969,0.169753373,FALSE
871,1034,2018.06958,44.92292934,0.401910186,2827.356445,53.17289202,0.169698,FALSE
872,1349,1907.50061,43.67494259,0.43467921,2827.365723,53.17297925,0.169695258,FALSE
873,380,2227.929688,47.20095007,0.339714527,2827.467041,53.17393197,0.169665575,FALSE
874,1039,1940.570801,44.0519103,0.424878299,2827.562256,53.17482728,0.169637561,FALSE
875,364,2235.901611,47.28532131,0.337351859,2827.611816,53.17529329,0.169623017,FALSE
876,232,2405.672607,49.04765649,0.287037373,2827.648193,53.17563534,0.169612288,FALSE
877,1515,1892.713989,43.50533288,0.439061522,2827.688232,53.17601181,0.169600606,FALSE
878,1146,1934.10791,43.97849372,0.426793694,2827.717041,53.17628269,0.169592083,FALSE
879,819,2058.691406,45.3728047,0.38987124,2828.41333,53.18282928,0.169387639,FALSE
880,856,2043.555054,45.20569714,0.394357145,2828.42749,53.18296241,0.169383466,FALSE
881,261,2347.405518,48.45003114,0.304305792,2828.756836,53.18605866,0.169286788,FALSE
882,1502,1893.343872,43.51257143,0.438874841,2828.765869,53.18614358,0.169284105,FALSE
883,1453,1920.321289,43.82147064,0.430879593,2828.882324,53.18723836,0.169249952,FALSE
884,969,2014.163452,44.8794324,0.403067827,2828.909424,53.18749311,0.169241965,FALSE
885,1058,1997.779663,44.69652854,0.40792346,2828.987549,53.18822754,0.169218957,FALSE
886,1338,1906.452637,43.66294352,0.43498981,2828.994385,53.1882918,0.16921699,FALSE
887,214,2430.240967,49.29747424,0.279756069,2829.14209,53.18968029,0.169173658,FALSE
888,1023,1960.566528,44.27828507,0.418952227,2829.271729,53.19089893,0.169135571,FALSE
889,1416,1900.543335,43.59522147,0.436741114,2829.351563,53.19164937,0.169112146,FALSE
890,1287,1925.526489,43.88082143,0.429336965,2829.409424,53.19219326,0.169095159,FALSE
891,1392,1886.094727,43.4291921,0.441023231,2829.686035,53.19479331,0.169013917,FALSE
892,943,1993.041748,44.64349614,0.409327626,2829.88208,53.19663598,0.168956339,FALSE
893,1148,1938.081055,44.023642,0.425616145,2830.129639,53.19896276,0.168883622,FALSE
894,1422,1886.636475,43.4354288,0.440862656,2830.146729,53.19912338,0.168878615,FALSE
895,1477,1963.644653,44.31303029,0.418039978,2830.211182,53.19972915,0.168859661,FALSE
896,444,2176.747314,46.65562468,0.354883313,2830.249268,53.2000871,0.168848515,FALSE
897,1080,1986.345947,44.56844116,0.411312044,2830.416748,53.20166114,0.168799281,FALSE
898,865,2001.699463,44.74035609,0.406761765,2830.443604,53.20191353,0.168791413,FALSE
899,887,1989.331299,44.60192035,0.410427272,2830.853271,53.20576352,0.168671131,FALSE
900,974,1988.829956,44.5962998,0.410575867,2831.054932,53.20765858,0.168611884,FALSE
901,1367,1960.231689,44.27450383,0.419051468,2831.564209,53.21244412,0.168462336,FALSE
902,1123,1945.77002,44.11088323,0.4233374,2831.661621,53.21335942,0.168433726,FALSE
903,229,2387.356689,48.86058421,0.292465568,2831.797852,53.21463945,0.168393731,FALSE
904,1391,1906.928345,43.66839068,0.434848845,2831.861084,53.21523357,0.168375134,FALSE
905,948,2003.317017,44.75842956,0.406282365,2831.952148,53.21608919,0.168348372,FALSE
906,945,1988.138916,44.5885514,0.410780668,2832.140869,53.21786231,0.168292999,FALSE
907,858,1988.573364,44.59342288,0.410651922,2832.323486,53.21957804,0.168239295,FALSE
908,1459,1940.533691,44.05148909,0.424889266,2832.477783,53.22102764,0.168194056,FALSE
909,242,2384.055908,48.82679498,0.293443799,2832.777832,53.22384646,0.16810596,FALSE
910,1083,1950.141602,44.16040762,0.422041833,2832.955322,53.22551383,0.168053806,FALSE
911,820,2027.022583,45.02246754,0.399256825,2833.252441,53.22830489,0.167966604,FALSE
912,1286,1924.151245,43.86514841,0.429744542,2833.282471,53.22858697,0.167957723,FALSE
913,203,2447.639404,49.47362332,0.274599731,2833.380615,53.22950888,0.167928934,TRUE
914,910,1973.077393,44.4193358,0.415244401,2833.449219,53.23015329,0.167908788,FALSE
915,1222,1975.087891,44.44196092,0.414648533,2833.622559,53.23178147,0.167857826,FALSE
916,1468,1926.272583,43.88932197,0.429115832,2833.789795,53.23335228,0.167808771,FALSE
917,941,1972.518188,44.41304075,0.415410161,2833.796875,53.23341878,0.167806625,FALSE
918,1412,1936.363037,44.00412523,0.426125348,2833.812256,53.23356325,0.167802155,FALSE
919,459,2227.2146,47.19337453,0.339926481,2833.895508,53.23434519,0.167777717,FALSE
920,1311,1919.040161,43.80685062,0.431259274,2834.355225,53.23866287,0.167642713,FALSE
921,893,1999.795166,44.71906938,0.407326102,2834.41333,53.23920858,0.167625606,FALSE
922,940,2007.187744,44.8016489,0.405135214,2834.678223,53.24169628,0.167547822,FALSE
923,694,2077.679932,45.58157448,0.384243667,2835.006348,53.24477766,0.167451441,FALSE
924,886,2030.109253,45.05673371,0.398342013,2835.383057,53.24831506,0.167340815,FALSE
925,1202,1923.978027,43.86317393,0.429795861,2835.553223,53.24991289,0.167290866,FALSE
926,221,2409.542969,49.08709575,0.285890222,2835.681396,53.25111639,0.167253256,FALSE
927,190,2469.461426,49.69367591,0.268132448,2835.804932,53.2522763,0.167216957,TRUE
928,194,2457.057861,49.56871858,0.271808445,2835.876465,53.25294795,0.167195976,FALSE
929,1127,1991.475708,44.6259533,0.409791768,2835.922607,53.25338118,0.167182446,FALSE
930,1454,1898.333374,43.56986773,0.437396049,2835.945801,53.25359895,0.167175591,FALSE
931,524,2138.354736,46.24234787,0.366261601,2835.974121,53.25386485,0.167167246,FALSE
932,933,2012.210693,44.85767151,0.403646529,2836.180664,53.25580404,0.167106628,FALSE
933,990,1949.072998,44.14830685,0.422358513,2836.383301,53.25770649,0.167047143,FALSE
934,293,2316.352051,48.12849521,0.313509047,2836.590576,53.25965242,0.166986227,FALSE
935,903,2027.048218,45.02275222,0.399249196,2837.282959,53.26615209,0.166782916,FALSE
936,525,2200.262451,46.90695525,0.347914219,2837.368652,53.26695648,0.166757762,FALSE
937,1096,1937.916748,44.02177584,0.425664842,2837.400146,53.2672521,0.166748524,FALSE
938,917,1967.719238,44.35898148,0.416832387,2837.599365,53.26912206,0.166689992,FALSE
939,1354,1950.822998,44.16812197,0.421839893,2837.611328,53.26923435,0.166686475,FALSE
940,225,2402.459473,49.01489032,0.287989616,2837.690674,53.2699791,0.16666317,FALSE
941,984,1972.710693,44.41520791,0.41535306,2837.708252,53.2701441,0.166658044,FALSE
942,594,2158.02832,46.45458342,0.360430956,2838.054199,53.2733911,0.166556418,FALSE
943,584,2148.68335,46.3538925,0.363200605,2838.150391,53.2742939,0.166528165,FALSE
944,1086,1992.127075,44.63325078,0.409598708,2838.210449,53.27485757,0.166510522,FALSE
945,1156,1944.384766,44.09517849,0.423747957,2838.44873,53.27709386,0.166440547,FALSE
946,1249,1916.855347,43.78190661,0.43190676,2838.449219,53.27709845,0.166440427,FALSE
947,196,2458.933838,49.58763795,0.271252453,2838.481689,53.27740318,0.166430891,FALSE
948,1434,1913.732056,43.74622333,0.43283242,2838.550781,53.27805159,0.166410625,FALSE
949,211,2440.595459,49.40238313,0.276687324,2838.551514,53.27805846,0.166410327,FALSE
950,1248,1945.796875,44.11118764,0.423329413,2839.049805,53.28273458,0.166263998,FALSE
951,1295,1920.889771,43.82795649,0.43071115,2839.474365,53.28671847,0.166139364,FALSE
952,240,2369.084473,48.67324185,0.297880888,2839.544678,53.28737822,0.166118741,FALSE
953,1136,1951.506836,44.17586259,0.421637237,2839.553223,53.2874584,0.166116178,FALSE
954,1221,1928.824707,43.91838689,0.428359449,2839.745361,53.28926122,0.166059792,FALSE
955,1241,1982.908691,44.52986292,0.412330747,2839.93335,53.29102504,0.166004539,FALSE
956,1182,1964.626709,44.32410979,0.417748928,2839.993652,53.29159082,0.165986896,FALSE
957,319,2302.839111,47.98790589,0.317513824,2840.107178,53.29265595,0.165953577,FALSE
958,216,2417.408691,49.16715053,0.283559144,2840.115723,53.29273612,0.165951073,FALSE
959,357,2247.604004,47.40890216,0.333883762,2840.13208,53.29288958,0.165946245,FALSE
960,1266,1948.502075,44.14184041,0.42252773,2840.179932,53.29333853,0.165932119,FALSE
961,308,2291.523193,47.86985683,0.320867479,2840.330811,53.29475406,0.165887833,FALSE
962,192,2464.16333,49.64033975,0.269702554,2840.537598,53.29669406,0.165827155,FALSE
963,217,2424.358887,49.23777906,0.281499386,2840.582031,53.29711091,0.165814042,FALSE
964,1316,1931.794312,43.9521821,0.427479327,2840.737305,53.29856757,0.165768445,FALSE
965,1158,1920.518311,43.82371858,0.43082118,2840.77832,53.29895234,0.165756404,FALSE
966,645,2169.71582,46.58020846,0.356967211,2841.076904,53.30175329,0.165668726,FALSE
967,202,2460.013672,49.5985249,0.270932436,2841.172852,53.30265333,0.165640593,FALSE
968,1043,1982.244507,44.52240455,0.412527561,2841.440674,53.30516555,0.165561914,FALSE
969,1281,1993.778198,44.65174351,0.409109354,2841.776123,53.30831195,0.165463448,FALSE
970,1066,1960.499146,44.27752416,0.418972194,2841.911621,53.30958283,0.165423632,FALSE
971,1117,1960.378784,44.27616497,0.419007838,2842.151855,53.31183598,0.16535306,FALSE
972,973,1964.644165,44.32430671,0.417743742,2842.196289,53.31225271,0.165340066,FALSE
973,894,2035.309692,45.11440671,0.396800756,2842.235596,53.31262135,0.165328503,FALSE
974,1036,1998.349854,44.70290654,0.407754481,2842.332031,53.31352578,0.16530019,FALSE
975,220,2426.523438,49.25975474,0.280857801,2842.420166,53.31435235,0.165274262,FALSE
976,889,2002.145752,44.74534335,0.406629503,2842.428223,53.3144279,0.165271878,FALSE
977,1310,1968.344727,44.36603122,0.416647017,2842.631836,53.31633742,0.165212154,FALSE
978,173,2508.51123,50.08503999,0.256559312,2842.696777,53.31694644,0.165193081,TRUE
979,1407,1904.608398,43.64181938,0.435536385,2842.98999,53.31969608,0.165106952,FALSE
980,328,2286.368164,47.81598231,0.322395265,2843.023926,53.32001431,0.165096998,FALSE
981,1346,1906.020874,43.65799897,0.435117781,2843.069092,53.32043784,0.165083706,FALSE
982,185,2482.580078,49.82549627,0.264244497,2843.165527,53.32134214,0.165055394,FALSE
983,1278,1973.051392,44.41904312,0.41525209,2843.193848,53.3216077,0.16504705,FALSE
984,191,2476.064209,49.76006641,0.266175568,2843.401123,53.3235513,0.164986253,FALSE
985,1411,1912.302856,43.72988516,0.43325597,2843.548584,53.32493398,0.16494292,FALSE
986,1232,1921.569946,43.83571542,0.430509508,2843.552734,53.3249729,0.164941728,FALSE
987,301,2298.743408,47.94521257,0.318727672,2843.650635,53.32589085,0.164912939,FALSE
988,1494,1884.221802,43.40762377,0.441578269,2844.106689,53.33016679,0.164779007,FALSE
989,1331,1949.163818,44.14933542,0.422331631,2844.24585,53.33147147,0.164738178,FALSE
990,1033,1962.777344,44.30324304,0.418296993,2844.317627,53.33214441,0.164717078,FALSE
991,1234,1949.665527,44.15501701,0.422182918,2844.827148,53.33692106,0.164567411,FALSE
992,1374,1916.452637,43.77730733,0.432026148,2844.836914,53.33701261,0.16456455,FALSE
993,1325,1936.078491,44.00089194,0.426209688,2844.917725,53.33777015,0.164540887,FALSE
994,1126,1936.894043,44.01015841,0.425967991,2844.954102,53.33811115,0.164530158,FALSE
995,1149,1994.317627,44.6577835,0.408949494,2845.243408,53.34082309,0.164445221,FALSE
996,1145,1988.613525,44.59387318,0.410640001,2845.470459,53.34295135,0.164378464,FALSE
997,1177,1925.816162,43.88412198,0.429251075,2845.594971,53.34411843,0.164341986,FALSE
998,1184,1954.791382,44.21302276,0.420663774,2845.735352,53.34543421,0.16430074,FALSE
999,447,2257.862549,47.51697117,0.330843389,2845.795166,53.34599485,0.164283156,FALSE
1000,1458,1924.077026,43.86430242,0.429766536,2845.938721,53.34734033,0.164241016,FALSE
1001,186,2479.768799,49.79727702,0.265077651,2846.418945,53.35184107,0.164099991,FALSE
1002,1103,1988.02771,44.58730436,0.41081363,2846.680176,53.3542892,0.164023221,FALSE
1003,832,2085.382568,45.66598919,0.381960809,2846.704346,53.3545157,0.164016187,FALSE
1004,1501,1953.264038,44.19574683,0.421116412,2846.911621,53.3564581,0.163955271,FALSE
1005,178,2500.291016,50.00291007,0.258995533,2847.083496,53.35806871,0.163904786,FALSE
1006,620,2169.280029,46.57553037,0.357096374,2847.087646,53.3581076,0.163903594,FALSE
1007,972,2041.556152,45.18358277,0.394949555,2847.089844,53.35812819,0.163902998,FALSE
1008,1183,2033.781372,45.09746525,0.397253752,2847.149414,53.3586864,0.163885474,FALSE
1009,687,2056.219238,45.34555368,0.39060384,2847.407959,53.36110905,0.163809538,FALSE
1010,980,1992.26062,44.63474678,0.409559131,2847.433105,53.36134467,0.163802207,FALSE
1011,1430,1944.736084,44.09916194,0.423643827,2847.847656,53.36522891,0.163680375,FALSE
1012,193,2468.719727,49.68621264,0.268352211,2847.86084,53.36535243,0.1636765,FALSE
1013,189,2477.421143,49.77369931,0.265773416,2848.05542,53.36717549,0.163619399,FALSE
1014,1212,1919.196289,43.80863259,0.431213021,2848.056396,53.36718464,0.163619161,FALSE
1015,1157,1985.917847,44.56363817,0.411438882,2848.148438,53.36804697,0.1635921,FALSE
1016,1413,1894.562866,43.52657655,0.438513517,2848.154541,53.36810415,0.163590312,FALSE
1017,458,2251.706055,47.45214489,0.332668006,2848.598877,53.37226693,0.163459837,FALSE
1018,245,2382.077393,48.80653022,0.29403019,2849.005127,53.37607261,0.163340509,FALSE
1019,195,2469.30835,49.69213569,0.268177748,2849.112061,53.3770743,0.163309097,FALSE
1020,1443,1923.942017,43.86276344,0.42980653,2849.683838,53.38243005,0.163141191,FALSE
1021,251,2372.491943,48.70823281,0.296871006,2849.697754,53.38256039,0.163137078,FALSE
1022,287,2316.292969,48.12788141,0.313526511,2849.725586,53.38282108,0.163128912,FALSE
1023,1382,1956.307617,44.23016637,0.420214415,2849.860596,53.3840856,0.163089335,FALSE
1024,1426,1906.412109,43.66247942,0.435001791,2849.952637,53.38494766,0.163062274,FALSE
1025,174,2513.302979,50.13285329,0.255139232,2850.088379,53.386219,0.163022399,FALSE
1026,204,2461.616211,49.61467737,0.270457447,2850.14917,53.38678835,0.163004577,FALSE
1027,857,2077.613525,45.58084604,0.384263337,2850.233887,53.38758177,0.162979662,FALSE
1028,1151,1990.467529,44.61465599,0.410090506,2850.688232,53.39183676,0.162846208,FALSE
1029,1220,1973.442627,44.42344682,0.415136158,2850.85376,53.39338685,0.16279763,FALSE
1030,1240,1947.408691,44.12945379,0.422851741,2850.85498,53.39339829,0.162797272,FALSE
1031,184,2488.645996,49.88633075,0.262446761,2850.897949,53.39380066,0.162784636,FALSE
1032,188,2475.046875,49.74984296,0.266477048,2851.067627,53.39538957,0.162734807,FALSE
1033,1203,2001.275391,44.73561658,0.406887412,2851.322021,53.39777169,0.162660062,FALSE
1034,1409,1937.006348,44.01143428,0.425934672,2851.452148,53.39899014,0.162621856,FALSE
1035,1381,1935.89209,43.99877373,0.426264942,2851.530762,53.39972623,0.162598848,FALSE
1036,1029,1999.660156,44.71755982,0.407366157,2852.066162,53.40473914,0.162441611,FALSE
1037,352,2300.87915,47.96748013,0.318094671,2852.100098,53.40505685,0.162431598,FALSE
1038,1257,1917.922119,43.79408772,0.431590617,2852.12915,53.40532886,0.162423074,FALSE
1039,909,2073.924805,45.54036456,0.385356486,2852.234619,53.40631629,0.16239208,FALSE
1040,1168,1999.092163,44.71120847,0.40753448,2852.685791,53.41054007,0.162259638,FALSE
1041,1497,1980.714355,44.50521717,0.412981033,2852.749023,53.41113202,0.162241042,FALSE
1042,353,2281.753906,47.76770778,0.323762774,2852.929688,53.41282325,0.162187994,FALSE
1043,1204,1958.035034,44.24968965,0.41970247,2852.962891,53.41313406,0.162178218,FALSE
1044,253,2383.409424,48.82017435,0.293635428,2853.032959,53.41378997,0.162157714,FALSE
1045,825,2091.331299,45.73107585,0.380197823,2853.050781,53.4139568,0.16215241,FALSE
1046,1514,1981.212402,44.5108122,0.412833452,2853.087402,53.41429961,0.162141681,FALSE
1047,205,2463.843018,49.63711331,0.269797504,2853.349854,53.4167563,0.162064612,FALSE
1048,1097,2025.620117,45.00688966,0.399672449,2853.418945,53.41740302,0.162044287,FALSE
1049,1067,2004.509766,44.77175187,0.40592885,2853.553223,53.41865987,0.162004828,FALSE
1050,1479,1937.925781,44.02187844,0.42566222,2853.554932,53.41867587,0.162004352,FALSE
1051,1394,1902.580444,43.61857912,0.436137378,2853.672852,53.41977959,0.161969781,FALSE
1052,1233,1991.625854,44.62763555,0.409747243,2853.736328,53.42037372,0.161951125,FALSE
1053,1300,1928.677246,43.91670805,0.428403139,2853.84375,53.42137915,0.161919534,FALSE
1054,685,2181.743652,46.70913885,0.353402555,2853.940186,53.42228173,0.161891222,FALSE
1055,1340,1927.454346,43.90278289,0.428765595,2854.02832,53.42310661,0.161865354,FALSE
1056,1435,1949.273438,44.15057686,0.422299087,2854.710205,53.42948816,0.161665082,FALSE
1057,498,2261.235596,47.552451,0.32984376,2855.283203,53.43485008,0.161496818,FALSE
1058,866,2069.592041,45.49276911,0.386640608,2855.395996,53.4359055,0.161463678,FALSE
1059,1147,1998.7948,44.70788297,0.407622635,2855.503662,53.43691292,0.161432087,FALSE
1060,379,2292.917236,47.88441538,0.320454359,2855.57373,53.43756853,0.161411524,FALSE
1061,187,2483.419922,49.8339234,0.263995528,2855.78125,53.4395102,0.161350608,FALSE
1062,268,2380.265381,48.78796348,0.294567227,2855.937988,53.44097668,0.161304593,FALSE
1063,1290,1960.141602,44.27348644,0.419078112,2855.944092,53.44103378,0.161302745,FALSE
1064,877,2065.545166,45.44826912,0.387839973,2855.976318,53.4413353,0.161293268,FALSE
1065,1462,1939.812866,44.04330671,0.42510289,2856.005127,53.44160483,0.161284864,FALSE
1066,285,2341.966309,48.39386644,0.305917799,2856.028809,53.4418264,0.16127789,FALSE
1067,213,2461.767578,49.61620278,0.270412624,2856.045166,53.44197944,0.161273062,FALSE
1068,1345,1986.525757,44.57045834,0.411258757,2856.249512,53.44389125,0.16121304,FALSE
1069,791,2100.121094,45.82707817,0.377592802,2856.528564,53.44650189,0.161131084,FALSE
1070,1152,1950.672729,44.16642084,0.421884418,2856.537109,53.44658183,0.161128581,FALSE
1071,705,2145.364746,46.31808228,0.364184082,2856.570068,53.44689017,0.161118984,FALSE
1072,175,2503.562256,50.03560988,0.258026063,2856.874268,53.4497359,0.161029577,FALSE
1073,697,2128.62915,46.13706916,0.369143903,2857.188477,53.45267511,0.160937309,FALSE
1074,1400,1933.960327,43.97681579,0.426837444,2857.365967,53.45433534,0.160885155,FALSE
1075,226,2420.577637,49.19936622,0.282619953,2857.662109,53.45710532,0.160798252,FALSE
1076,966,2048.376465,45.25899319,0.392928243,2857.799561,53.45839093,0.160757899,FALSE
1077,904,1995.708008,44.67334785,0.408537447,2858.61084,53.46597834,0.1605196,FALSE
1078,372,2289.997559,47.85391895,0.32131964,2858.63916,53.46624318,0.160511315,FALSE
1079,1396,1939.592773,44.04080805,0.425168157,2858.773926,53.46750346,0.160471737,FALSE
1080,231,2426.361816,49.25811422,0.280905724,2858.895996,53.46864498,0.160435915,FALSE
1081,168,2521.620361,50.21573818,0.252674222,2859.068359,53.47025677,0.160385251,TRUE
1082,180,2496.828125,49.96827118,0.260021865,2859.346924,53.47286156,0.160303473,FALSE
1083,169,2517.020508,50.16991636,0.25403744,2859.689209,53.47606202,0.16020292,FALSE
1084,1344,1924.192627,43.8656201,0.429732263,2859.784424,53.47695227,0.160175025,FALSE
1085,1021,2044.901245,45.22058431,0.393958151,2859.822998,53.47731293,0.160163641,FALSE
1086,1063,2001.420166,44.73723467,0.406844497,2859.888184,53.47792239,0.160144508,FALSE
1087,874,1997.896729,44.69783807,0.40788877,2859.979004,53.47877153,0.160117865,FALSE
1088,172,2516.848877,50.16820584,0.254088342,2860.651123,53.48505514,0.159920514,FALSE
1089,151,2560.55957,50.601972,0.241133928,2860.76416,53.48611184,0.159887254,TRUE
1090,183,2490.07373,49.90063858,0.262023568,2861.058594,53.4888642,0.159800768,FALSE
1091,1442,1966.793091,44.34854102,0.417106867,2861.087402,53.4891335,0.159792304,FALSE
1092,982,2009.017334,44.82206303,0.404592991,2861.396729,53.49202491,0.159701467,FALSE
1093,266,2390.485596,48.89259244,0.291538239,2861.753906,53.49536341,0.159596622,FALSE
1094,1312,1971.984619,44.40703344,0.415568233,2861.998779,53.49765209,0.159524739,FALSE
1095,1329,1969.432007,44.37828305,0.416324794,2862.010986,53.49776618,0.159521163,FALSE
1096,1378,1968.593262,44.3688321,0.416573346,2862.024658,53.49789396,0.15951705,FALSE
1097,908,2030.969116,45.06627471,0.398087204,2862.052979,53.49815865,0.159508824,FALSE
1098,1046,1962.813965,44.30365634,0.418286145,2862.384766,53.50125948,0.159411311,FALSE
1099,1425,1962.387329,44.29884117,0.418412566,2862.909668,53.50616477,0.159257233,FALSE
1100,167,2522.07373,50.22025219,0.252539814,2862.913086,53.50619671,0.15925616,FALSE
1101,1305,1973.301636,44.42185989,0.415177941,2863.132324,53.50824539,0.159191847,FALSE
1102,1154,1956.143188,44.22830755,0.420263171,2863.205566,53.50892978,0.15917027,FALSE
1103,1499,1990.033325,44.60978957,0.410219252,2863.38623,53.51061792,0.159117222,FALSE
1104,1427,1988.839111,44.59640245,0.410573125,2863.617432,53.51277821,0.159049332,FALSE
1105,851,2082.256836,45.6317525,0.382887185,2864.036377,53.51669251,0.158926308,FALSE
1106,1433,1998.200928,44.70124079,0.407798588,2864.087402,53.51716923,0.158911288,FALSE
1107,834,2079.564941,45.60224711,0.383684993,2864.17627,53.51799949,0.158885241,FALSE
1108,1478,1915.643799,43.76806826,0.432265878,2864.317383,53.51931785,0.158843815,FALSE
1109,224,2437.69165,49.37298503,0.277547956,2864.46582,53.52070459,0.158800185,FALSE
1110,585,2251.074707,47.44549196,0.332855105,2864.472168,53.5207639,0.158798337,FALSE
1111,162,2535.272217,50.35148674,0.248628259,2864.5625,53.52160779,0.158771813,FALSE
1112,1153,2017.90271,44.921072,0.401959658,2864.812012,53.52393868,0.158698499,FALSE
1113,822,2055.766357,45.34055974,0.39073807,2864.835205,53.52415534,0.158691704,FALSE
1114,942,2065.868896,45.45183051,0.387744069,2864.989502,53.5255967,0.158646405,FALSE
1115,1463,1909.772339,43.70094208,0.434005916,2865.0354,53.52602545,0.158632934,FALSE
1116,930,2009.995361,44.83297181,0.404303133,2865.088623,53.52652261,0.158617258,FALSE
1117,853,2116.981201,46.01066399,0.372596025,2865.650146,53.53176764,0.158452392,FALSE
1118,158,2542.862305,50.42680145,0.246378839,2865.945313,53.53452449,0.158365726,FALSE
1119,150,2562.294189,50.61910894,0.240619838,2866.008057,53.5351105,0.158347309,TRUE
1120,326,2317.623535,48.14170266,0.313132226,2866.105713,53.53602257,0.158318579,FALSE
1121,797,2140.94873,46.27038719,0.365492821,2866.306396,53.53789683,0.15825969,FALSE
1122,207,2468.465332,49.68365256,0.26842767,2866.317871,53.53800399,0.158256352,FALSE
1123,686,2174.608398,46.63269667,0.355517209,2866.549072,53.54016317,0.158188403,FALSE
1124,274,2365.188477,48.63320344,0.29903549,2866.703613,53.54160638,0.158143044,FALSE
1125,156,2548.38916,50.48157248,0.244740844,2866.759277,53.54212619,0.158126652,FALSE
1126,583,2194.811035,46.84881039,0.349529803,2867.299561,53.54717136,0.157968044,FALSE
1127,806,2103.403809,45.86288051,0.376619935,2867.424072,53.54833398,0.157931447,FALSE
1128,171,2514.361816,50.14341249,0.254825413,2867.425781,53.54834994,0.15793097,FALSE
1129,215,2452.570068,49.52342949,0.273138463,2867.531982,53.54934157,0.157899797,FALSE
1130,264,2374.263184,48.72641156,0.296346068,2867.826904,53.55209524,0.157813191,FALSE
1131,517,2198.834961,46.8917366,0.348337293,2867.838623,53.55220465,0.157809675,FALSE
1132,179,2519.888428,50.19849029,0.253187478,2868.397705,53.55742437,0.157645583,FALSE
1133,176,2505.343506,50.05340654,0.257498145,2868.405273,53.55749503,0.157643318,FALSE
1134,246,2391.347168,48.90140252,0.291282892,2868.506348,53.55843862,0.157613635,FALSE
1135,222,2443.823486,49.4350431,0.27573061,2868.508545,53.55845914,0.157612979,FALSE
1136,1256,2000.091675,44.72238449,0.407238245,2868.551758,53.55886255,0.157600284,FALSE
1137,161,2535.115234,50.34992785,0.24867481,2868.582764,53.55915201,0.157591164,FALSE
1138,971,1998.303711,44.70239044,0.40776813,2868.900635,53.5621194,0.157497883,FALSE
1139,255,2397.041016,48.95958553,0.289595485,2869.438965,53.56714445,0.157339752,FALSE
1140,177,2511.933594,50.11919387,0.25554502,2869.693359,53.56951894,0.157265007,FALSE
1141,182,2491.035156,49.91027105,0.261738658,2869.706787,53.56964427,0.157261133,FALSE
1142,875,2079.525146,45.60181078,0.383696735,2869.747559,53.57002481,0.157249153,FALSE
1143,164,2529.002197,50.28918569,0.250486493,2870.219971,53.57443393,0.157110393,FALSE
1144,1510,1997.488647,44.69327296,0.408009708,2870.453125,53.57660987,0.157041967,FALSE
1145,1185,2005.12439,44.77861532,0.405746758,2870.599609,53.57797691,0.156998932,FALSE
1146,1498,1924.643555,43.87075968,0.429598629,2870.708252,53.57899077,0.156967044,FALSE
1147,1408,1995.079834,44.66631655,0.408723593,2870.851318,53.58032585,0.156924963,FALSE
1148,292,2352.30957,48.50061412,0.302852392,2870.94165,53.5811688,0.156898499,FALSE
1149,137,2598.817383,50.9785973,0.229795516,2871.031738,53.58200946,0.156871974,TRUE
1150,587,2202.220215,46.9278192,0.347333968,2871.053223,53.58220995,0.156865656,FALSE
1151,888,2079.269287,45.59900533,0.383772612,2871.145996,53.58307565,0.156838477,FALSE
1152,928,2008.448853,44.81572104,0.404761493,2871.146729,53.58308248,0.156838238,FALSE
1153,275,2366.741943,48.64917207,0.298575103,2871.260742,53.58414637,0.1568048,FALSE
1154,170,2517.579346,50.17548551,0.253871858,2871.761475,53.58881856,0.156657696,FALSE
1155,159,2541.574463,50.41403042,0.246760488,2871.946045,53.59054063,0.156603515,FALSE
1156,1339,1982.248779,44.52245253,0.412526309,2871.983398,53.59088914,0.156592548,FALSE
1157,144,2585.283691,50.84568508,0.233806491,2872.484375,53.59556302,0.156445384,FALSE
1158,1355,1929.213745,43.92281577,0.428244174,2872.61792,53.59680886,0.156406164,FALSE
1159,586,2174.473877,46.63125429,0.355557084,2872.742188,53.59796813,0.156369746,FALSE
1160,163,2539.650635,50.39494652,0.247330666,2872.791992,53.59843274,0.156355083,FALSE
1161,1361,1919.598511,43.81322301,0.431093812,2873.0896,53.60120894,0.156267703,FALSE
1162,1263,1994.098389,44.65532878,0.409014463,2873.167725,53.60193769,0.156244755,FALSE
1163,145,2578.346924,50.77742534,0.235862315,2873.476563,53.60481846,0.156154037,FALSE
1164,1255,1965.008057,44.32841139,0.417635858,2873.491699,53.60495965,0.156149626,FALSE
1165,499,2232.028076,47.24434438,0.338499844,2873.537109,53.60538321,0.156136274,FALSE
1166,804,2111.611816,45.9522776,0.37418735,2873.654541,53.60647854,0.156101823,FALSE
1167,905,2089.532715,45.71140684,0.380730867,2874.195801,53.61152675,0.155942798,FALSE
1168,1236,1958.994629,44.26053128,0.419418037,2874.373047,53.61317979,0.155890763,FALSE
1169,208,2473.272705,49.73200886,0.267002881,2874.453857,53.61393343,0.15586704,FALSE
1170,166,2526.817627,50.26746092,0.251133919,2874.873779,53.61784945,0.155743718,FALSE
1171,165,2530.200684,50.30110022,0.250131249,2875.349854,53.62228878,0.155603945,FALSE
1172,136,2603.259766,51.02214976,0.228478968,2875.353027,53.62231837,0.155602992,TRUE
1173,155,2553.98999,50.53701604,0.243080914,2875.614258,53.62475415,0.155526221,FALSE
1174,157,2559.213379,50.58866848,0.241532862,2876.180908,53.63003737,0.155359864,FALSE
1175,1180,1964.461548,44.32224665,0.417797863,2876.342529,53.63154416,0.155312419,FALSE
1176,1356,2011.217407,44.84659861,0.403940976,2876.498291,53.63299629,0.155266643,FALSE
1177,619,2227.941162,47.20107162,0.33971113,2876.901367,53.63675388,0.155148268,FALSE
1178,824,2064.748291,45.43950144,0.388076127,2876.907959,53.63681533,0.155146301,FALSE
1179,1098,1998.11438,44.7002727,0.407824278,2876.942627,53.6371385,0.155136168,FALSE
1180,955,2062.669189,45.41661799,0.388692319,2876.95752,53.63727733,0.155131817,FALSE
1181,1368,1934.633789,43.98447214,0.426637828,2877.219727,53.63972154,0.155054808,FALSE
1182,1291,1947.55481,44.13110932,0.422808468,2877.291992,53.64039515,0.155033588,FALSE
1183,143,2592.795166,50.91949691,0.231580317,2877.31958,53.64065231,0.155025482,FALSE
1184,1475,1974.021362,44.42996019,0.414964676,2877.395996,53.6413646,0.155003071,FALSE
1185,139,2591.477051,50.90655214,0.231971025,2877.42041,53.64159217,0.154995859,FALSE
1186,238,2456.754639,49.56565987,0.27189827,2877.983887,53.64684415,0.154830396,FALSE
1187,821,2121.985596,46.06501488,0.371112823,2878.071777,53.6476633,0.154804587,FALSE
1188,1342,1935.185181,43.99073971,0.426474452,2878.502441,53.65167697,0.154678047,FALSE
1189,138,2602.904785,51.01867095,0.22858417,2878.53125,53.65194544,0.154669702,FALSE
1190,160,2544.752441,50.44553936,0.245818555,2878.869629,53.65509882,0.154570282,FALSE
1191,142,2586.110596,50.85381594,0.233561456,2879.394531,53.65999004,0.154416084,FALSE
1192,805,2056.403564,45.34758609,0.390549242,2880.253906,53.66799704,0.154163778,FALSE
1193,960,1998.212036,44.70136504,0.40779531,2880.320313,53.66861571,0.154144228,FALSE
1194,445,2274.332764,47.68996502,0.325962186,2880.332764,53.66873171,0.154140592,FALSE
1195,1102,1976.306763,44.45567188,0.414287329,2880.557861,53.67082877,0.15407449,FALSE
1196,1210,1980.513428,44.50295976,0.413040578,2880.589844,53.67112672,0.154065132,FALSE
1197,1015,1997.5448,44.69390115,0.407993078,2881.174805,53.67657594,0.153893292,FALSE
1198,1101,2067.763672,45.4726695,0.387182474,2881.544189,53.68001667,0.153784871,FALSE
1199,153,2565.118896,50.64700284,0.239782691,2882.115234,53.68533538,0.153617144,FALSE
1200,1512,2021.116943,44.95683422,0.401007056,2882.123779,53.68541496,0.15361464,FALSE
1201,134,2605.708496,51.04614085,0.227753222,2882.251953,53.68660869,0.15357703,TRUE
1202,1360,2002.075928,44.74456311,0.406650186,2882.383301,53.68783196,0.153538406,FALSE
1203,983,2064.9729,45.44197289,0.388009608,2882.434814,53.68831171,0.153523326,FALSE
1204,792,2063.366455,45.42429367,0.38848567,2882.759277,53.69133335,0.153427958,FALSE
1205,1341,2016.692139,44.90759556,0.402318418,2882.838379,53.69206998,0.153404832,FALSE
1206,128,2622.314453,51.20853887,0.222831786,2882.882813,53.69248376,0.153391719,TRUE
1207,931,2081.847656,45.62726878,0.38300842,2883.27832,53.69616672,0.153275549,FALSE
1208,1115,2001.798462,44.74146245,0.40673244,2883.656982,53.69969257,0.153164387,FALSE
1209,147,2572.044678,50.71532981,0.237730086,2884.079834,53.70362962,0.15304023,FALSE
1210,148,2569.174805,50.68702797,0.238580585,2884.429932,53.70688905,0.152937353,FALSE
1211,518,2268.825928,47.63219424,0.327594221,2884.60498,53.7085187,0.152885973,FALSE
1212,234,2439.584717,49.39215238,0.276986897,2884.668945,53.70911417,0.152867198,FALSE
1213,509,2256.256836,47.50007196,0.331319273,2884.711914,53.70951419,0.152854562,FALSE
1214,321,2318.308838,48.14881969,0.312929094,2884.752686,53.70989374,0.152842581,FALSE
1215,154,2564.382324,50.63973069,0.240000963,2885.704102,53.71875,0.152563214,FALSE
1216,181,2513.490723,50.13472572,0.255083621,2885.772705,53.71938854,0.152543068,FALSE
1217,131,2614.158691,51.12884403,0.225248873,2885.883545,53.72042019,0.152510524,FALSE
1218,1401,1989.735107,44.60644693,0.410307586,2886.020996,53.72169949,0.152470171,FALSE
1219,129,2623.248779,51.21766081,0.222554862,2886.67041,53.72774339,0.152279437,FALSE
1220,1328,1929.691162,43.92825016,0.428102672,2887.477783,53.73525643,0.152042329,FALSE
1221,135,2612.529053,51.11290495,0.22573185,2887.502441,53.73548587,0.152035117,FALSE
1222,906,2046.032471,45.23309044,0.393622935,2887.657471,53.73692837,0.151989579,FALSE
1223,1302,1968.966309,44.37303583,0.416462779,2888.070801,53.7407741,0.151868165,FALSE
1224,197,2508.895508,50.08887609,0.256445467,2888.166748,53.74166678,0.151839972,FALSE
1225,646,2150.334229,46.37169642,0.362711251,2888.195068,53.74193026,0.151831746,FALSE
1226,417,2292.002441,47.87486231,0.320725441,2888.33667,53.74324767,0.151790142,FALSE
1227,1399,2007.317139,44.80309296,0.405096829,2888.460205,53.74439696,0.151753843,FALSE
1228,198,2500.283203,50.00283195,0.258997798,2889.006836,53.74948219,0.151593328,FALSE
1229,1357,1964.702881,44.32496905,0.417726338,2889.264404,53.75187815,0.15151763,FALSE
1230,1237,2056.149414,45.34478376,0.390624583,2889.542236,53.75446248,0.15143609,FALSE
1231,682,2207.636475,46.98549217,0.345728755,2889.700439,53.75593399,0.151389599,FALSE
1232,130,2622.739746,51.21269126,0.222705722,2889.757568,53.75646536,0.15137279,FALSE
1233,1359,1949.369873,44.15166897,0.422270536,2889.770264,53.75658344,0.151369095,FALSE
1234,133,2612.146729,51.10916482,0.225845158,2889.789795,53.75676511,0.151363432,FALSE
1235,127,2629.352295,51.27721029,0.220745981,2890.387695,53.76232598,0.151187778,TRUE
1236,1070,1962.609009,44.30134319,0.418346882,2890.470215,53.76309343,0.151163578,FALSE
1237,927,2086.938232,45.68301908,0.381499767,2890.474854,53.76313657,0.151162207,FALSE
1238,647,2216.650879,47.08132197,0.343057215,2890.610596,53.76439896,0.151122332,FALSE
1239,146,2588.820313,50.88045118,0.232758343,2890.612793,53.7644194,0.151121676,FALSE
1240,956,2021.906128,44.9656105,0.400773168,2890.722168,53.76543656,0.151089549,FALSE
1241,125,2630.197998,51.28545601,0.220495343,2891.145264,53.76937106,0.150965333,TRUE
1242,200,2515.928223,50.15902932,0.254361212,2891.164795,53.76955268,0.150959551,FALSE
1243,1264,1963.456055,44.31090221,0.418095827,2891.32251,53.77101924,0.150913298,FALSE
1244,1265,2047.989746,45.25472071,0.393042803,2891.325928,53.77105102,0.150912285,FALSE
1245,1238,1982.09668,44.52074437,0.412571371,2891.865723,53.77607017,0.150753796,FALSE
1246,1169,1982.228271,44.52222222,0.412532389,2892.406738,53.7811002,0.150594831,FALSE
1247,1250,2021.180908,44.95754562,0.400988102,2892.453613,53.78153599,0.150581062,FALSE
1248,1100,1998.720947,44.70705702,0.40764451,2892.482178,53.78180155,0.150572658,FALSE
1249,140,2596.123291,50.9521667,0.230593979,2892.749756,53.78428912,0.150494158,FALSE
1250,126,2631.261963,51.29582793,0.220180035,2893.270264,53.78912775,0.150341272,FALSE
1251,1397,2030.245117,45.05824139,0.39830178,2893.561523,53.7918351,0.150255799,FALSE
1252,294,2367.329346,48.65520882,0.298400998,2893.992676,53.79584255,0.150129139,FALSE
1253,1464,2031.018799,45.06682592,0.398072481,2894.01709,53.79606946,0.150121987,FALSE
1254,1282,1966.182007,44.34165093,0.417288005,2894.064209,53.79650741,0.150108099,FALSE
1255,967,2015.145874,44.89037618,0.402776659,2894.068604,53.79654825,0.150106788,FALSE
1256,1272,2031.476074,45.07189894,0.39793694,2894.27124,53.79843158,0.150047302,FALSE
1257,1511,1946.079346,44.11438933,0.423245728,2894.723877,53.8026382,0.149914443,FALSE
1258,692,2170.29541,46.58642946,0.35679543,2894.893311,53.80421276,0.149864614,FALSE
1259,1432,1934.451416,43.98239893,0.42669189,2895.075928,53.80590978,0.149811029,FALSE
1260,1267,2004.43042,44.77086575,0.405952394,2895.135742,53.80646562,0.149793446,FALSE
1261,123,2636.269775,51.34461778,0.218695879,2895.258545,53.80760676,0.149757385,TRUE
1262,263,2399.380859,48.98347537,0.288901985,2895.259521,53.80761583,0.149757087,FALSE
1263,116,2652.203857,51.49955201,0.213973522,2895.494385,53.80979822,0.149688125,TRUE
1264,1304,1948.172119,44.1381028,0.422625482,2895.631836,53.8110754,0.149647772,FALSE
1265,269,2410.115967,49.09293194,0.285720468,2895.732178,53.81200775,0.149618328,FALSE
1266,944,2084.037598,45.65126064,0.382359445,2895.956055,53.81408788,0.149552524,FALSE
1267,149,2587.857178,50.87098562,0.23304373,2896.175781,53.81612938,0.149488032,FALSE
1268,1484,2031.777954,45.07524769,0.397847474,2896.355469,53.81779881,0.149435282,FALSE
1269,132,2619.801025,51.18399189,0.223576665,2896.386719,53.81808914,0.149426103,FALSE
1270,958,2044.741089,45.21881344,0.394005656,2896.447998,53.81865846,0.149408102,FALSE
1271,1211,2023.138184,44.97930839,0.40040803,2896.77124,53.82166144,0.149313152,FALSE
1272,122,2638.089355,51.36233402,0.218156576,2896.824707,53.82215814,0.149297476,FALSE
1273,1110,2060.973633,45.39794745,0.389194846,2896.924072,53.82308122,0.14926827,FALSE
1274,117,2650.174805,51.47984853,0.214574873,2896.958496,53.82340101,0.149258137,FALSE
1275,970,2085.304443,45.66513378,0.381983995,2897.016357,53.82393852,0.149241149,FALSE
1276,1450,2012.210938,44.85767423,0.403646469,2897.196777,53.82561451,0.149188221,FALSE
1277,119,2645.472168,51.43415371,0.215968549,2897.477295,53.82822025,0.149105787,FALSE
1278,120,2642.738037,51.4075679,0.216778874,2897.657959,53.82989837,0.149052739,FALSE
1279,1235,2027.683838,45.02981055,0.399060845,2897.917969,53.83231343,0.148976386,FALSE
1280,152,2595.088135,50.94200757,0.230900764,2898.17749,53.83472383,0.148900211,FALSE
1281,929,2098.55249,45.8099606,0.378057718,2898.525146,53.83795266,0.148798108,FALSE
1282,124,2640.028076,51.38120353,0.217581987,2898.857178,53.84103619,0.148700595,FALSE
1283,1206,1983.783691,44.5396867,0.412071407,2899.162109,53.84386789,0.148611009,FALSE
1284,1113,1998.991943,44.71008771,0.407564223,2899.488525,53.84689894,0.148515224,FALSE
1285,114,2658.296387,51.55866937,0.212167859,2900.473877,53.85604773,0.148225784,TRUE
1286,1277,1979.610107,44.49280961,0.413308322,2900.841797,53.85946339,0.148117781,FALSE
1287,113,2659.099854,51.56646055,0.211929798,2901.154053,53.86236212,0.148026109,TRUE
1288,1465,1959.054565,44.26120836,0.419400275,2901.185547,53.86265447,0.14801681,FALSE
1289,244,2437.241943,49.36843063,0.277681231,2901.223633,53.86300802,0.148005664,FALSE
1290,141,2599.481689,50.98511243,0.229598701,2901.235596,53.86311907,0.148002088,FALSE
1291,1116,2064.835449,45.44046049,0.388050318,2901.28418,53.86357006,0.147987843,FALSE
1292,1488,2032.242065,45.08039558,0.397709906,2901.51709,53.86573206,0.147919476,FALSE
1293,890,2102.06543,45.8482871,0.377016544,2902.492432,53.87478475,0.147633076,FALSE
1294,1379,1954.890625,44.21414508,0.420634389,2903.089111,53.88032212,0.147457778,FALSE
1295,1428,1950.818726,44.1680736,0.421841145,2903.508301,53.88421198,0.147334695,FALSE
1296,892,2113.68335,45.97481212,0.373573422,2903.979248,53.8885818,0.147196412,FALSE
1297,891,2052.916504,45.30912164,0.391582668,2904.362305,53.89213583,0.147083938,FALSE
1298,1055,2050.262695,45.27982658,0.392369151,2904.558105,53.8939524,0.14702642,FALSE
1299,700,2197.049561,46.87269526,0.348866403,2904.561768,53.89398638,0.147025347,FALSE
1300,110,2665.397217,51.62748509,0.210063457,2904.947998,53.8975695,0.146911919,TRUE
1301,1175,2001.173828,44.73448142,0.406917512,2904.972412,53.89779599,0.146904707,FALSE
1302,1057,1991.365356,44.62471688,0.409824431,2905.383545,53.90160985,0.146784008,FALSE
1303,279,2413.282471,49.12517146,0.284782052,2905.475342,53.90246137,0.146757066,FALSE
1304,1398,1953.038818,44.19319878,0.421183169,2905.549805,53.90315208,0.146735191,FALSE
1305,1466,2030.888672,45.06538219,0.398111045,2905.992676,53.90725995,0.146605134,FALSE
1306,981,2084.513672,45.65647459,0.382218361,2906.026123,53.90757018,0.146595359,FALSE
1307,1111,2010.575073,44.83943658,0.404131293,2906.555908,53.91248379,0.146439731,FALSE
1308,350,2342.947021,48.40399799,0.305627108,2907.366455,53.92000051,0.14620167,FALSE
1309,1445,1985.14502,44.55496627,0.411667943,2908.543457,53.93091374,0.145856023,FALSE
1310,280,2389.186523,48.87930568,0.291923285,2909.145996,53.93649966,0.145679057,FALSE
1311,107,2672.779541,51.69893172,0.207875609,2909.152344,53.93655851,0.145677269,TRUE
1312,109,2669.954834,51.67160568,0.208712757,2909.166748,53.93669204,0.145672977,FALSE
1313,621,2251.142334,47.44620463,0.332835078,2909.202881,53.93702699,0.145662427,FALSE
1314,1395,2004.692383,44.77379125,0.405874729,2909.905518,53.94354009,0.145456076,FALSE
1315,121,2652.576904,51.50317373,0.213863015,2910.230469,53.94655196,0.145360649,FALSE
1316,106,2674.563965,51.71618668,0.207346737,2910.247803,53.94671262,0.145355523,TRUE
1317,1027,2084.086182,45.65179275,0.382345021,2911.007813,53.95375624,0.145132303,FALSE
1318,111,2668.101563,51.6536694,0.209261954,2911.128662,53.95487617,0.145096838,FALSE
1319,313,2354.417236,48.5223375,0.302227736,2911.492188,53.95824485,0.144990146,FALSE
1320,1410,2018.263916,44.92509228,0.401852608,2911.939697,53.96239151,0.144858718,FALSE
1321,1431,2022.366943,44.9707343,0.400636613,2912.188477,53.96469658,0.144785583,FALSE
1322,460,2312.669434,48.09022181,0.314600468,2913.052979,53.97270587,0.144531786,FALSE
1323,1487,1975.729248,44.44917601,0.414458454,2913.088867,53.97303834,0.144521177,FALSE
1324,691,2201.182373,46.91676004,0.347641528,2913.239014,53.97442926,0.144477129,FALSE
1325,103,2682.288086,51.79081083,0.205057561,2913.264404,53.97466447,0.144469619,TRUE
1326,112,2670.039795,51.6724278,0.208687603,2914.009521,53.9815665,0.14425081,FALSE
1327,1456,1976.405762,44.45678533,0.414258003,2914.256348,53.98385266,0.144178331,FALSE
1328,1239,2058.590332,45.37169087,0.389901161,2914.66333,53.98762201,0.144058824,FALSE
1329,366,2337.688721,48.34965068,0.307185531,2914.713379,53.98808553,0.144044161,FALSE
1330,104,2681.983398,51.78786922,0.205147862,2914.848877,53.9893404,0.144004345,FALSE
1331,118,2664.783203,51.62153817,0.21024543,2914.95874,53.99035785,0.143972039,FALSE
1332,239,2456.737549,49.56548748,0.271903336,2915.587402,53.99617952,0.143787444,FALSE
1333,102,2684.935547,51.8163637,0.204272926,2915.667236,53.99691877,0.143764019,TRUE
1334,236,2479.444336,49.79401908,0.265173793,2915.677002,53.99700919,0.143761158,FALSE
1335,968,2113.482422,45.97262688,0.373632908,2916.041748,54.00038655,0.143654048,FALSE
1336,277,2436.092285,49.3567856,0.278021932,2916.139404,54.00129077,0.143625319,FALSE
1337,1301,2032.97229,45.08849399,0.397493541,2916.954834,54.00884033,0.143385887,FALSE
1338,1155,2036.737183,45.13022471,0.396377742,2916.956543,54.00885615,0.14338541,FALSE
1339,1303,2058.880615,45.3748897,0.389815152,2917.064453,54.00985515,0.143353701,FALSE
1340,1370,1991.314453,44.62414653,0.409839571,2917.798828,54.01665325,0.143138051,FALSE
1341,108,2679.516113,51.76404267,0.205879033,2918.050293,54.01898086,0.143064201,FALSE
1342,98,2693.874756,51.90255057,0.201623619,2918.323486,54.02150948,0.142983973,TRUE
1343,206,2520.932129,50.20888496,0.252878189,2918.939941,54.02721482,0.142802954,FALSE
1344,99,2691.667725,51.88128492,0.20227778,2919.358398,54.03108733,0.142680049,FALSE
1345,115,2676.962891,51.73937466,0.206635773,2920.337158,54.04014395,0.142392576,FALSE
1346,105,2684.780273,51.81486537,0.204318941,2920.74585,54.04392519,0.142272651,FALSE
1347,100,2689.618896,51.86153581,0.202884972,2920.791992,54.04435208,0.142259061,FALSE
1348,304,2373.181152,48.71530717,0.296666741,2921.286621,54.04892803,0.142113805,FALSE
1349,95,2698.494141,51.94703207,0.200254619,2922.20752,54.05744648,0.141843319,TRUE
1350,1455,2037.886475,45.14295598,0.396037102,2922.320068,54.05848748,0.141810298,FALSE
1351,96,2699.968506,51.96122117,0.199817657,2922.546631,54.06058297,0.14174372,FALSE
1352,1293,1987.467529,44.58102208,0.410979629,2922.68042,54.06182035,0.1417045,FALSE
1353,97,2699.880127,51.96037074,0.199843824,2923.057861,54.06531107,0.141593635,FALSE
1354,1205,2070.348877,45.50108655,0.386416316,2924.210205,54.07596698,0.1412552,FALSE
1355,359,2356.236328,48.54107877,0.301688612,2925.381104,54.08679232,0.140911341,FALSE
1356,312,2380.642822,48.79183151,0.294455349,2925.446289,54.08739492,0.140892267,FALSE
1357,1429,2046.230835,45.23528308,0.393564105,2926.590088,54.0979675,0.140556335,FALSE
1358,1449,1979.52832,44.4918905,0.413332522,2927.20874,54.10368509,0.14037466,FALSE
1359,1444,2062.216064,45.41162918,0.388826609,2927.522949,54.10658878,0.140282393,FALSE
1360,101,2695.341797,51.9166813,0.201188862,2928.036621,54.11133542,0.140131533,FALSE
1361,1208,1996.002319,44.67664176,0.408450186,2928.322998,54.11398154,0.140047431,FALSE
1362,201,2550.69165,50.50437259,0.244058371,2928.397705,54.11467181,0.140025496,FALSE
1363,1343,2017.801025,44.91994018,0.401989818,2929.303711,54.12304233,0.139759421,FALSE
1364,1181,2052.211914,45.30134561,0.391791523,2929.934326,54.12886777,0.13957423,FALSE
1365,88,2715.756836,52.11292389,0.195138514,2930.121338,54.13059521,0.139519334,TRUE
1366,1369,2058.60498,45.37185229,0.38989681,2930.14209,54.13078689,0.139513254,FALSE
1367,959,2126.516602,46.11416921,0.36977005,2930.790771,54.13677836,0.139322758,FALSE
1368,823,2172.593506,46.6110878,0.356114388,2931.198486,54.14054383,0.139203012,FALSE
1369,1025,2104.402588,45.87376797,0.376323938,2931.649658,54.14471034,0.139070511,FALSE
1370,1273,1988.619507,44.59394025,0.410638273,2932.13916,54.14923047,0.138926804,FALSE
1371,1114,2098.794434,45.81260125,0.377986014,2932.323975,54.15093697,0.138872445,FALSE
1372,89,2715.133057,52.10693866,0.195323348,2932.568359,54.15319344,0.138800681,FALSE
1373,1380,2058.734375,45.3732782,0.389858484,2932.700928,54.15441744,0.138761759,FALSE
1374,92,2705.279297,52.01229948,0.198243737,2933.597168,54.16269166,0.138498545,FALSE
1375,1056,2121.937744,46.06449548,0.371127069,2933.871094,54.16522033,0.138418138,FALSE
1376,306,2411.006592,49.10200191,0.285456538,2934.505859,54.17107955,0.138231695,FALSE
1377,94,2706.199219,52.02114204,0.197971046,2934.587402,54.17183219,0.138207793,FALSE
1378,1207,2072.618408,45.52601902,0.385743737,2934.929443,54.17498909,0.138107359,FALSE
1379,91,2709.286621,52.05080807,0.197056055,2934.956543,54.17523921,0.138099432,FALSE
1380,1209,2087.532471,45.68952255,0.381323695,2935.431152,54.17961934,0.137960017,FALSE
1381,349,2372.919189,48.71261838,0.296744406,2935.70166,54.18211569,0.137880623,FALSE
1382,1485,1993.287598,44.64624954,0.409254789,2935.913086,54.18406672,0.137818515,FALSE
1383,1053,2032.929565,45.0880202,0.397506177,2936.426514,54.18880432,0.137667656,FALSE
1384,854,2074.779297,45.5497453,0.385103285,2936.486328,54.18935623,0.137650132,FALSE
1385,793,2206.301514,46.97128393,0.346124351,2937.412109,54.19789765,0.137378275,FALSE
1386,87,2721.356201,52.16661961,0.193479061,2937.631592,54.19992243,0.137313783,TRUE
1387,796,2140.791016,46.26868288,0.36553961,2937.679199,54.20036162,0.137299836,FALSE
1388,1099,2094.651123,45.76735871,0.379213929,2938.177979,54.20496267,0.137153387,FALSE
1389,93,2708.425293,52.0425335,0.197311342,2938.536377,54.20826853,0.137048125,FALSE
1390,233,2493.414307,49.93409964,0.261033595,2938.583496,54.20870314,0.137034297,FALSE
1391,303,2394.023926,48.92876379,0.290489614,2940.573486,54.22705493,0.136449933,FALSE
1392,1294,2046.287109,45.23590509,0.393547416,2940.727051,54.22847085,0.136404812,FALSE
1393,85,2722.864014,52.1810695,0.193032205,2941.077393,54.23170099,0.136301875,TRUE
1394,1292,2093.072021,45.75010406,0.379681885,2941.794434,54.23831149,0.136091352,FALSE
1395,84,2724.292969,52.19475997,0.192608654,2942.113281,54.24125073,0.135997713,TRUE
1396,90,2719.994141,52.15356307,0.193882763,2942.37915,54.24370148,0.135919571,FALSE
1397,1112,2101.721191,45.84453284,0.377118587,2943.413818,54.25323786,0.135615766,FALSE
1398,86,2727.98291,52.23009583,0.191515088,2945.252197,54.27017779,0.135075927,FALSE
1399,855,2154.73999,46.41917697,0.361405551,2947.442627,54.29035482,0.134432614,FALSE
1400,83,2729.61792,52.24574547,0.191030502,2948.425781,54.29940866,0.134143889,TRUE
1401,1275,2043.559082,45.20574169,0.394355953,2949.099365,54.30561081,0.133946121,FALSE
1402,80,2731.121338,52.26013144,0.190584958,2949.185547,54.30640429,0.133920789,TRUE
1403,1285,2080.484375,45.61232701,0.38341248,2949.42627,54.30862058,0.133850098,FALSE
1404,957,2153.58667,46.40675242,0.361747384,2949.966309,54.3135923,0.13369149,FALSE
1405,81,2730.216309,52.25147183,0.190853179,2950.060791,54.31446208,0.133663774,FALSE
1406,77,2741.668213,52.36094167,0.187459171,2951.906982,54.33145482,0.13312161,TRUE
1407,76,2745.514404,52.39765648,0.186319292,2952.382568,54.33583135,0.132981956,TRUE
1408,693,2259.359131,47.53271643,0.330399811,2952.813232,54.33979419,0.132855415,FALSE
1409,1251,2001.928101,44.74291118,0.406693995,2952.84375,54.34007499,0.132846475,FALSE
1410,265,2465.704346,49.65585913,0.269245863,2952.94458,54.34100275,0.132816911,FALSE
1411,82,2733.654785,52.28436463,0.189834118,2953.250732,54.34381963,0.132726967,FALSE
1412,73,2749.608398,52.4367085,0.185106039,2955.530273,54.36478891,0.132057548,TRUE
1413,1284,2018.575928,44.92856472,0.401760101,2955.81958,54.36744964,0.131972611,FALSE
1414,267,2465.611328,49.6549225,0.26927346,2956.411377,54.37289193,0.131798863,FALSE
1415,367,2375.15625,48.73557479,0.296081424,2957.534424,54.38321822,0.131469011,FALSE
1416,74,2751.840088,52.45798402,0.184444666,2957.61084,54.38392078,0.13144654,FALSE
1417,75,2751.617676,52.45586407,0.184510529,2957.688477,54.38463456,0.131423712,FALSE
1418,365,2387.161621,48.858588,0.292523384,2957.854248,54.38615861,0.131375074,FALSE
1419,79,2741.466309,52.35901363,0.187519073,2959.143799,54.39801282,0.130996406,FALSE
1420,65,2780.496582,52.7304142,0.175951779,2959.429932,54.40064275,0.130912364,TRUE
1421,68,2762.179443,52.55644055,0.181380391,2959.762695,54.40370112,0.130814612,FALSE
1422,78,2745.335205,52.39594646,0.186372399,2961.139893,54.41635685,0.130410194,FALSE
1423,72,2754.336914,52.48177697,0.183704615,2961.431641,54.41903748,0.130324483,FALSE
1424,500,2331.093994,48.28140423,0.309139967,2961.628906,54.42084992,0.130266607,FALSE
1425,69,2761.885498,52.553644,0.181467474,2963.265381,54.43588321,0.129786015,FALSE
1426,199,2585.983154,50.85256291,0.233599186,2964.681641,54.44889017,0.129370093,FALSE
1427,66,2779.654541,52.7224292,0.176201344,2965.691895,54.45816646,0.129073381,FALSE
1428,64,2785.547852,52.77828959,0.174454749,2966.242676,54.46322315,0.128911674,TRUE
1429,67,2773.750732,52.66640991,0.177950978,2966.701904,54.46743894,0.128776848,FALSE
1430,1358,2092.710205,45.74614962,0.379789114,2967.278564,54.4727323,0.128607452,FALSE
1431,1373,2079.427002,45.60073466,0.383725822,2967.347168,54.473362,0.128587365,FALSE
1432,358,2407.229004,49.06352009,0.286576033,2968.409912,54.48311584,0.128275216,FALSE
1433,907,2165.658203,46.53663292,0.358169734,2971.654541,54.51288417,0.127322435,FALSE
1434,1017,2123.861816,46.0853753,0.370556831,2972.947754,54.52474442,0.126942635,FALSE
1435,1447,2024.117798,44.99019669,0.400117695,2973.037598,54.52556829,0.12691623,FALSE
1436,1457,2071.381836,45.51243606,0.386110187,2973.825195,54.53279009,0.126684904,FALSE
1437,71,2768.849854,52.61986178,0.179403484,2976.709717,54.55923127,0.125837862,FALSE
1438,70,2771.760986,52.64751643,0.178540707,2977.087158,54.56269017,0.125726998,FALSE
1439,794,2178.553223,46.67497427,0.354348123,2979.206543,54.58210827,0.125104606,FALSE
1440,1486,2110.165771,45.9365407,0.374615908,2980.865723,54.59730509,0.124617398,FALSE
1441,1026,2051.822266,45.29704478,0.391906977,2981.674072,54.60470742,0.124379992,FALSE
1442,1446,2128.764893,46.13854021,0.36910373,2983.193115,54.6186151,0.123933911,FALSE
1443,62,2792.028564,52.83964955,0.172534049,2983.474609,54.62119194,0.12385124,TRUE
1444,63,2797.400146,52.89045421,0.170942068,2984.458496,54.63019766,0.123562276,FALSE
1445,61,2789.283691,52.81366955,0.173347533,2985.146973,54.63649854,0.123360097,TRUE
1446,235,2536.553955,50.36421304,0.248248398,2985.304932,54.63794406,0.123313725,FALSE
1447,1283,2105.577148,45.88656828,0.375975788,2985.707275,54.64162585,0.123195529,FALSE
1448,1016,2176.226074,46.65003831,0.355037749,2986.977051,54.65324374,0.122822702,FALSE
1449,1253,2047.404175,45.24825052,0.393216372,2988.073486,54.66327365,0.122500718,FALSE
1450,60,2789.19873,52.8128652,0.173372686,2989.26001,54.6741256,0.122152209,TRUE
1451,314,2422.488037,49.21877728,0.282053769,2989.485107,54.6761841,0.122086167,FALSE
1452,1372,2023.65332,44.9850344,0.400255322,2989.936523,54.68031203,0.121953607,FALSE
1453,1254,2133.615479,46.19107575,0.367666185,2992.066406,54.69978433,0.121328115,FALSE
1454,57,2804.515137,52.95767307,0.168833435,2995.014893,54.72672923,0.120462179,TRUE
1455,58,2801.24707,52.92680862,0.16980201,2998.636475,54.75980711,0.119398654,FALSE
1456,699,2237.047607,47.29743764,0.337012291,3000.452148,54.77638313,0.11886543,FALSE
1457,56,2814.590576,53.05271507,0.165847421,3000.814697,54.77969238,0.118759036,TRUE
1458,59,2806.179199,52.97338199,0.168340266,3006.880615,54.83503091,0.116977692,FALSE
1459,53,2819.232422,53.09644453,0.164471686,3007.982422,54.84507655,0.116654038,TRUE
1460,1274,2152.037109,46.39005399,0.362206578,3008.912598,54.85355593,0.11638093,FALSE
1461,1448,2137.083496,46.22860041,0.366638362,3013.047852,54.89123656,0.115166545,FALSE
1462,237,2584.259277,50.83561033,0.234110117,3014.557617,54.90498718,0.114723146,FALSE
1463,1276,2157.989258,46.45416298,0.360442579,3015.329102,54.91201236,0.114496589,FALSE
1464,360,2425.981201,49.25425059,0.281018496,3016.599854,54.92358194,0.114123404,FALSE
1465,55,2829.329834,53.19144512,0.161479235,3016.663086,54.92415758,0.114104867,FALSE
1466,1054,2177.230713,46.66080489,0.354740024,3019.614014,54.95101467,0.113238275,FALSE
1467,683,2245.707031,47.38889143,0.334445953,3020.436035,54.95849375,0.112996876,FALSE
1468,52,2829.531982,53.19334528,0.161419272,3020.849854,54.96225845,0.112875342,TRUE
1469,54,2832.884766,53.22485102,0.160425603,3021.363525,54.9669312,0.112724483,FALSE
1470,276,2507.148438,50.07143335,0.256963193,3021.468018,54.96788169,0.112693787,FALSE
1471,1170,2183.836914,46.73154089,0.35278213,3021.66333,54.96965827,0.112636447,FALSE
1472,1371,2165.404541,46.53390743,0.358244956,3026.647461,55.01497488,0.111172795,FALSE
1473,44,2888.360596,53.74347026,0.143984437,3032.552002,55.06861177,0.109438777,TRUE
1474,351,2467.563232,49.6745733,0.268694937,3033.86499,55.08053186,0.109053195,FALSE
1475,47,2859.355469,53.47294146,0.152580619,3034.239014,55.083927,0.108943403,FALSE
1476,1173,2131.97876,46.17335552,0.368151248,3038.144531,55.11936621,0.107796431,FALSE
1477,307,2474.839111,49.74775484,0.26653862,3040.828613,55.14370874,0.107008278,FALSE
1478,1252,2171.422119,46.59852057,0.356461525,3041.091064,55.14608839,0.10693115,FALSE
1479,305,2493.966553,49.93962908,0.26086992,3045.124268,55.18264462,0.105746746,FALSE
1480,43,2918.858643,54.02646243,0.13494581,3046.598633,55.19600196,0.105313778,TRUE
1481,51,2853.347168,53.41673116,0.154361248,3049.135498,55.2189777,0.104568779,FALSE
1482,48,2870.536133,53.57738453,0.149267018,3052.260986,55.2472713,0.103650868,FALSE
1483,1171,2133.513672,46.18997372,0.367696345,3059.043457,55.3086201,0.101659119,FALSE
1484,45,2893.03125,53.78690593,0.142600179,3059.078369,55.30893571,0.101648867,FALSE
1485,46,2888.568604,53.74540542,0.143922746,3064.845459,55.3610464,0.099955261,FALSE
1486,49,2875.000732,53.6190333,0.147943795,3068.783203,55.3965992,0.098798871,FALSE
1487,42,2952.848877,54.34012217,0.124872148,3069.517334,55.40322494,0.098583281,TRUE
1488,1174,2211.257324,47.02400796,0.344655693,3080.49585,55.50221482,0.095359266,FALSE
1489,698,2387.882324,48.86596284,0.292309821,3082.299561,55.51846144,0.094829619,FALSE
1490,50,2893.526123,53.79150605,0.142453551,3091.066895,55.5973641,0.092254877,FALSE
1491,278,2574.430664,50.73884768,0.237022936,3092.445801,55.60976354,0.091849923,FALSE
1492,40,3024.529785,54.99572515,0.103628278,3110.280273,55.7698868,0.086612523,TRUE
1493,41,3027.622803,55.0238385,0.102711618,3125.033203,55.90199641,0.082280099,FALSE
1494,795,2361.789551,48.59824638,0.300042868,3126.671143,55.91664459,0.08179909,FALSE
1495,38,3026.257813,55.01143347,0.103116155,3127.486328,55.92393341,0.081559718,TRUE
1496,39,3044.615723,55.1780366,0.097675502,3134.734619,55.98870082,0.079431117,FALSE
1497,1020,2344.511963,48.42016071,0.305163324,3139.054932,56.02726954,0.078162372,FALSE
1498,1018,2347.787109,48.45396897,0.304192722,3141.602051,56.04999599,0.077414393,FALSE
1499,37,3033.196533,55.07446353,0.101059794,3143.220947,56.06443567,0.076938927,TRUE
1500,684,2444.490723,49.44179126,0.275532961,3145.155762,56.08168829,0.076370776,FALSE
1501,35,3102.994385,55.70452751,0.080373943,3158.464111,56.20021451,0.072462499,TRUE
1502,1172,2328.545898,48.25500905,0.309895158,3160.579346,56.2190301,0.071841359,FALSE
1503,36,3078.350342,55.48288332,0.087677658,3180.19751,56.39323993,0.066080153,FALSE
1504,1019,2269.716309,47.64153974,0.327330351,3213.686768,56.68938849,0.056245446,FALSE
1505,34,3226.831055,56.80520271,0.04367286,3230.683838,56.83910483,0.051253974,TRUE
1506,33,3252.786377,57.03320416,0.035980582,3310.493652,57.53688949,0.027816474,TRUE
1507,30,3202.70752,56.59246875,0.050822258,3405.62793,58.35775809,-0.000121355,TRUE
1508,32,3274.914063,57.22686487,0.029422581,3450.376221,58.73990314,-0.01326251,FALSE
1509,31,3249.251709,57.00220793,0.037028074,3475.4646,58.95307116,-0.020630121,FALSE
1510,29,3383.041016,58.16391506,-0.002622724,3515.580078,59.29232731,-0.032410741,TRUE
1511,28,3519.822998,59.32809619,-0.043160439,3559.213623,59.65914534,-0.045224547,TRUE
1512,27,3723.772949,61.02272486,-0.103604555,3702.436768,60.84765211,-0.087284446,TRUE
1513,22,4103.552246,64.05897475,-0.216158628,3879.621094,62.28660445,-0.139317632,TRUE
1514,26,3948.169678,62.8344625,-0.170108318,3951.189453,62.85848752,-0.160334945,FALSE
1515,23,4267.440918,65.32565283,-0.264729977,3973.145996,63.03289614,-0.166782856,FALSE
1516,25,3930.934814,62.69716752,-0.165000439,3974.819092,63.04616635,-0.167274237,FALSE
1517,24,4158.694824,64.48794325,-0.232501149,4062.892578,63.74082348,-0.19313848,FALSE
1518,21,4363.815918,66.05918496,-0.293292284,4355.968262,65.99975956,-0.279205322,TRUE
1519,20,4929.730957,70.21204282,-0.461010933,5099.754883,71.4125681,-0.497631073,TRUE
1520,16,5183.351074,71.99549343,-0.536175728,5252.761719,72.4759389,-0.542564034,TRUE
1521,15,6105.745117,78.13926745,-0.809543133,6283.952148,79.27138291,-0.845390916,TRUE
1522,19,6080.091797,77.97494339,-0.801940322,6371.609375,79.82236137,-0.87113297,FALSE
1523,17,6346.17041,79.66285464,-0.880797386,6474.977051,80.4672421,-0.901488662,FALSE
1524,10,6702.911133,81.87130836,-0.986523628,6561.103027,81.00063597,-0.926781178,TRUE
1525,18,7143.906738,84.52163474,-1.117220163,7425.38916,86.1706978,-1.180593491,FALSE
1526,9,8894.947266,94.31302808,-1.636171341,8408.759766,91.69928989,-1.469377518,TRUE
1527,14,8740.876953,93.49265722,-1.59051013,8987.074219,94.80018048,-1.63920927,FALSE
1528,11,9727.917969,98.6302082,-1.883036613,9920.798828,99.60320692,-1.913413525,FALSE
1529,13,11780.25293,108.5368736,-2.491281509,11935.18652,109.2482793,-2.504973412,FALSE
1530,12,12668.99805,112.5566437,-2.75467658,12814.47168,113.2010233,-2.763190746,FALSE
1531,8,19871.85742,140.9675758,-4.889368057,19698.95313,140.3529591,-4.784937382,TRUE
1532,6,23962.25977,154.7974798,-6.101629734,22856.19141,151.1826425,-5.712114811,TRUE
1533,7,25083.35742,158.377263,-6.433887005,24802.0332,157.4866128,-6.28354454,FALSE
1534,5,60363.66406,245.690179,-16.88981628,56887.27344,238.5105311,-15.7059288,TRUE
1535,4,113156.4844,336.3874022,-32.53588104,104260.5625,322.8940422,-29.61791229,TRUE
1536,3,126148.6406,355.174099,-36.38632965,129319.8125,359.6106401,-36.97699356,TRUE
1537,2,175318.5469,418.7105765,-50.95868301,177251.0625,421.0119505,-51.05282974,TRUE
1538,1,201199.7656,448.5529686,-58.62902832,201728.8438,449.1423424,-58.24115372,TRUE
