county,state,fips,cancer_rate,avg_annual_count,five_year_trend,has_cancer_data,rural_rural,rural_urban,trend_,trend_falling,trend_rising,trend_stable
traverse county,minnesota,27155,693.5,37,2.2,1,True,False,False,False,False,True
polk county,texas,48373,679.5,436,-0.3,1,True,False,False,False,False,True
galax city,virginia,51640,655,55,1.7,1,True,False,False,False,False,True
greeley county,nebraska,31077,653.1,21,0.7,1,True,False,False,False,False,True
dewey county,south dakota,46041,634.5,28,1.3,1,True,False,False,False,False,True
quitman county,mississippi,28119,626.5,52,2.5,1,True,False,False,False,True,False
wheatland county,montana,30107,626,19,9.5,1,True,False,False,False,True,False
faulk county,south dakota,46049,625.3,21,3,1,True,False,False,False,True,False
stonewall county,texas,48433,621.1,12,2,1,True,False,False,False,False,True
logan county,nebraska,31113,609.3,6,-999,1,True,False,True,False,False,False
lincoln county,kentucky,21137,608.6,193,0.8,1,True,False,False,False,True,False
floyd county,kentucky,21071,606.6,295,0,1,True,False,False,False,False,True
chattahoochee county,georgia,13053,605.6,26,1.9,1,False,True,False,False,False,True
bracken county,kentucky,21023,605.3,67,0.6,1,False,True,False,False,False,True
rosebud county,montana,30087,602.9,58,1.1,1,True,False,False,False,False,True
knox county,kentucky,21121,595.8,231,0.6,1,True,False,False,False,False,True
hitchcock county,nebraska,31087,593.2,25,0.9,1,True,False,False,False,False,True
aurora county,south dakota,46003,592.3,23,2.2,1,True,False,False,False,False,True
owsley county,kentucky,21189,592.1,34,0.6,1,True,False,False,False,False,True
powell county,kentucky,21197,592.1,93,0.4,1,True,False,False,False,False,True
menard county,illinois,17129,591,102,6.6,1,False,True,False,False,True,False
trousdale county,tennessee,47169,588.7,68,1.4,1,False,True,False,False,True,False
livingston county,kentucky,21139,588.6,81,0.5,1,False,True,False,False,False,True
estill county,kentucky,21065,586.6,112,0.6,1,True,False,False,False,False,True
iberville parish,louisiana,22047,586.4,228,-0.6,1,False,True,False,False,False,True
hudspeth county,texas,48229,585.8,16,9.4,1,False,True,False,False,True,False
lawrence county,arkansas,05075,585,130,-3.4,1,True,False,False,False,False,True
bath county,kentucky,21011,583.7,93,-0.3,1,True,False,False,False,False,True
adair county,kentucky,21001,583.1,149,0.7,1,True,False,False,False,False,True
lincoln county,minnesota,27081,582.3,50,1.1,1,True,False,False,False,False,True
rolette county,north dakota,38079,580.9,72,0.7,1,True,False,False,False,False,True
palo alto county,iowa,19147,580,74,-8.9,1,True,False,False,False,False,True
cameron parish,louisiana,22023,579.7,43,0.6,1,False,True,False,False,False,True
cumberland county,kentucky,21057,579.6,52,0.9,1,True,False,False,False,False,True
mccook county,south dakota,46087,578.8,44,1,1,False,True,False,False,False,True
pleasants county,west virginia,54073,577.4,60,0.5,1,True,False,False,False,False,True
logan county,west virginia,54045,576.7,268,0.4,1,True,False,False,False,False,True
grant county,kentucky,21081,575.8,162,0.7,1,False,True,False,False,True,False
wolfe county,kentucky,21237,574.5,53,-0.3,1,True,False,False,False,False,True
pickens county,georgia,13227,572.1,282,0.9,1,False,True,False,False,True,False
golden valley county,montana,30037,571.9,9,-0.2,1,True,False,False,False,False,True
whitley county,kentucky,21235,569.5,245,0.7,1,True,False,False,False,True,False
camp county,texas,48063,568.8,91,2,1,True,False,False,False,True,False
cass county,iowa,19029,568.8,113,0.8,1,True,False,False,False,True,False
mahnomen county,minnesota,27087,568,40,1.5,1,True,False,False,False,False,True
shelby county,illinois,17173,567.9,182,1.1,1,True,False,False,False,True,False
grayson county,kentucky,21085,567,197,0.7,1,True,False,False,False,False,True
lawrence county,ohio,39087,566,450,0.4,1,False,True,False,False,False,True
essex county,virginia,51057,565.6,95,2.5,1,True,False,False,False,True,False
marion county,illinois,17121,565.2,292,0.1,1,True,False,False,False,False,True
clinton county,kentucky,21053,565.1,74,1.2,1,True,False,False,False,False,True
piscataquis county,maine,23021,564.2,165,2,1,True,False,False,False,False,True
alexander county,illinois,17003,564.2,49,0.3,1,False,True,False,False,False,True
butler county,kentucky,21031,563.2,93,0.5,1,False,True,False,False,False,True
prairie county,montana,30079,563,10,-0.2,1,True,False,False,False,False,True
ripley county,missouri,29181,561.3,88,0.9,1,True,False,False,False,False,True
mathews county,virginia,51115,560.8,89,1.2,1,False,True,False,False,False,True
morgan county,illinois,17137,560.2,266,0.9,1,True,False,False,False,True,False
poinsett county,arkansas,05111,559.5,172,0.9,1,False,True,False,False,False,True
crenshaw county,alabama,01041,558.5,102,2.7,1,True,False,False,False,True,False
lewis county,west virginia,54041,558,137,0.4,1,True,False,False,False,False,True
pike county,illinois,17149,557.7,121,1,1,True,False,False,False,False,True
jackson county,south dakota,46071,556.9,16,1.6,1,True,False,False,False,False,True
dekalb county,illinois,17037,556.8,565,0.8,1,False,True,False,False,True,False
blaine county,nebraska,31009,556.6,4,3.1,1,True,False,False,False,False,True
carter county,kentucky,21043,555.8,202,0.8,1,False,True,False,False,True,False
harrison county,kentucky,21097,555.1,138,0.2,1,True,False,False,False,False,True
anson county,north carolina,37007,554.9,170,2.2,1,False,True,False,False,True,False
cherokee county,iowa,19035,554.9,100,0.3,1,True,False,False,False,False,True
scott county,illinois,17171,554.9,38,0.9,1,True,False,False,False,False,True
clay county,illinois,17025,554.3,106,0.6,1,True,False,False,False,False,True
macon county,illinois,17115,553.7,810,-0.1,1,False,True,False,False,False,True
pike county,ohio,39131,553.3,197,1.5,1,True,False,False,False,True,False
hernando county,florida,12053,553.1,1804,-1.2,1,False,True,False,True,False,False
lincoln county,west virginia,54043,553,160,-0.2,1,True,False,False,False,False,True
washington county,maine,23029,552.8,281,5.8,1,True,False,False,False,False,True
taylor county,kentucky,21217,552.7,182,-2.2,1,True,False,False,False,False,True
red lake county,minnesota,27125,552.4,31,1.5,1,True,False,False,False,False,True
lawrence county,kentucky,21127,552.4,119,0.5,1,False,True,False,False,False,True
monroe county,kentucky,21171,551.7,82,1.6,1,True,False,False,False,True,False
appanoose county,iowa,19007,551.7,107,0.4,1,True,False,False,False,False,True
clay county,west virginia,54015,551.1,67,-0.1,1,False,True,False,False,False,True
henry county,kentucky,21103,551.1,117,0.1,1,False,True,False,False,False,True
pike county,kentucky,21195,550.7,450,0.2,1,True,False,False,False,False,True
hopewell city,virginia,51670,550.2,147,0.2,1,False,True,False,False,False,True
kingsbury county,south dakota,46077,550.1,44,0.8,1,True,False,False,False,False,True
spencer county,kentucky,21215,550,129,0.3,1,False,True,False,False,False,True
covington city,virginia,51580,549.7,45,3.3,1,True,False,False,False,True,False
mason county,illinois,17125,549.5,112,-0.3,1,True,False,False,False,False,True
twiggs county,georgia,13289,549.2,69,0.8,1,False,True,False,False,False,True
niagara county,new york,36063,549,1642,0.1,1,False,True,False,False,False,True
mclean county,kentucky,21149,548.5,71,0.8,1,False,True,False,False,False,True
fleming county,kentucky,21069,548.5,109,0.1,1,True,False,False,False,False,True
lowndes county,alabama,01085,548.3,77,1.3,1,False,True,False,False,False,True
montour county,pennsylvania,42093,548,143,0.5,1,True,False,False,False,False,True
clay county,kentucky,21051,547.7,137,-1.9,1,True,False,False,True,False,False
rockcastle county,kentucky,21203,547.5,120,0.7,1,True,False,False,False,False,True
orleans county,new york,36073,547.5,300,0.5,1,False,True,False,False,False,True
cape may county,new jersey,34009,547.2,920,-0.7,1,False,True,False,True,False,False
tishomingo county,mississippi,28141,547.2,147,1.5,1,True,False,False,False,True,False
pulaski county,illinois,17153,546.9,43,1.4,1,True,False,False,False,True,False
norman county,minnesota,27107,546.5,51,3.7,1,True,False,False,False,True,False
oregon county,missouri,29149,546.3,72,2.1,1,True,False,False,False,True,False
harrison county,iowa,19085,546.2,112,0.3,1,False,True,False,False,False,True
buffalo county,south dakota,46017,546.1,9,0.6,1,True,False,False,False,False,True
oswego county,new york,36075,545.7,818,-0.2,1,False,True,False,False,False,True
sangamon county,illinois,17167,545.7,1414,0.3,1,False,True,False,False,False,True
edwards county,texas,48137,545.6,13,12.3,1,True,False,False,False,True,False
carlisle county,kentucky,21039,545.2,38,0.3,1,False,True,False,False,False,True
mercer county,kentucky,21167,545,171,0.5,1,True,False,False,False,False,True
green county,kentucky,21087,544.7,87,1.4,1,True,False,False,False,True,False
greene county,illinois,17061,544.6,95,0.3,1,True,False,False,False,False,True
macoupin county,illinois,17117,544.4,357,0.4,1,False,True,False,False,False,True
petersburg city,virginia,51730,544.3,226,0.2,1,False,True,False,False,False,True
washington county,ohio,39167,544.3,486,1.1,1,True,False,False,False,False,True
wilkin county,minnesota,27167,544.2,49,1.3,1,True,False,False,False,False,True
montgomery county,kentucky,21173,543.9,186,0.5,1,True,False,False,False,False,True
owen county,kentucky,21187,543.9,84,0.4,1,True,False,False,False,False,True
drew county,arkansas,05043,543.8,121,3.6,1,True,False,False,False,True,False
coahoma county,mississippi,28027,543.8,140,2.5,1,True,False,False,False,True,False
christian county,illinois,17021,543.5,261,-0.1,1,True,False,False,False,False,True
garfield county,nebraska,31071,542.7,17,1.3,1,True,False,False,False,False,True
grand isle county,vermont,50013,542.6,60,0.5,1,False,True,False,False,False,True
delta county,texas,48119,542.5,42,1.6,1,True,False,False,False,True,False
st. landry parish,louisiana,22097,542.3,543,0.6,1,True,False,False,False,True,False
pike county,georgia,13231,542,125,1,1,False,True,False,False,True,False
nassau county,florida,12089,541.8,737,-3.8,1,False,True,False,False,False,True
grundy county,illinois,17063,541.8,318,0,1,False,True,False,False,False,True
armstrong county,texas,48011,541.7,15,2.6,1,False,True,False,False,True,False
humphreys county,mississippi,28053,541.6,54,4.2,1,True,False,False,False,True,False
breckinridge county,kentucky,21027,541.5,153,0.6,1,True,False,False,False,False,True
elbert county,georgia,13105,541.3,148,0.9,1,True,False,False,False,False,True
sanborn county,south dakota,46111,541.3,18,0.1,1,True,False,False,False,False,True
nottoway county,virginia,51135,541.2,116,0.5,1,True,False,False,False,False,True
amelia county,virginia,51007,541.1,106,0.4,1,False,True,False,False,False,True
cortland county,new york,36023,541,308,0.3,1,True,False,False,False,False,True
monroe county,iowa,19135,540.9,57,0.5,1,True,False,False,False,False,True
logan county,illinois,17107,540.8,205,0.5,1,True,False,False,False,False,True
clay county,minnesota,27027,540.1,357,1,1,False,True,False,False,True,False
covington county,mississippi,28031,539.7,125,1.3,1,True,False,False,False,True,False
howard county,iowa,19089,539.3,73,0.5,1,True,False,False,False,False,True
woodruff county,arkansas,05147,539.3,51,1.2,1,True,False,False,False,False,True
white county,georgia,13311,538.7,228,0.4,1,True,False,False,False,False,True
clay county,south dakota,46027,538.2,68,3.5,1,True,False,False,False,True,False
hardin county,kentucky,21093,538.2,670,0,1,False,True,False,False,False,True
perry county,kentucky,21193,538.1,198,0,1,True,False,False,False,False,True
musselshell county,montana,30065,538,44,0.1,1,True,False,False,False,False,True
jefferson county,montana,30043,537.7,100,1.1,1,False,True,False,False,False,True
boyd county,kentucky,21019,537.6,363,0.4,1,False,True,False,False,False,True
hart county,kentucky,21099,537.5,129,0.6,1,True,False,False,False,False,True
lancaster county,virginia,51103,537.4,121,9,1,True,False,False,False,True,False
mcdowell county,north carolina,37111,537.2,351,0.8,1,True,False,False,False,False,True
montgomery county,missouri,29139,537,87,0.3,1,True,False,False,False,False,True
vermilion parish,louisiana,22113,537,373,0.3,1,False,True,False,False,False,True
jasper county,georgia,13159,536.9,103,-999,1,False,True,True,False,False,False
martin county,texas,48317,536.7,26,1.2,1,False,True,False,False,False,True
onslow county,north carolina,37133,536.5,829,0.4,1,False,True,False,False,False,True
vermilion county,illinois,17183,536.1,554,0.2,1,True,False,False,False,False,True
lexington city,virginia,51678,535.7,39,3.2,1,True,False,False,False,True,False
marshall county,tennessee,47117,535.6,226,0.4,1,True,False,False,False,False,True
allegany county,maryland,24001,535.4,526,0.5,1,True,False,False,False,False,True
marion county,kentucky,21155,535.4,130,0.9,1,True,False,False,False,True,False
oldham county,kentucky,21185,535.1,402,-0.3,1,False,True,False,False,False,True
russell county,kentucky,21207,535.1,136,0.4,1,True,False,False,False,False,True
jefferson county,new york,36045,534.9,667,0.2,1,False,True,False,False,False,True
pawnee county,oklahoma,40117,534.7,116,0.8,1,False,True,False,False,False,True
menominee county,wisconsin,55078,534.6,24,-1.2,1,True,False,False,False,False,True
lumpkin county,georgia,13187,534.6,219,0.3,1,False,True,False,False,False,True
wetzel county,west virginia,54103,534.6,118,-0.4,1,True,False,False,False,False,True
schuyler county,new york,36097,534.6,145,0.3,1,True,False,False,False,False,True
wayne county,kentucky,21231,534.5,151,0.5,1,True,False,False,False,False,True
martinsville city,virginia,51690,534.3,97,0.2,1,True,False,False,False,False,True
swain county,north carolina,37173,534.3,105,-0.2,1,True,False,False,False,False,True
randolph county,arkansas,05121,534.2,133,1.2,1,True,False,False,False,False,True
habersham county,georgia,13137,534.1,315,0.8,1,True,False,False,False,True,False
effingham county,georgia,13103,534.1,346,0.8,1,False,True,False,False,True,False
bullitt county,kentucky,21029,534,540,0.1,1,False,True,False,False,False,True
terrell county,georgia,13273,533.9,69,-1.2,1,False,True,False,True,False,False
mississippi county,missouri,29133,533.7,92,0.4,1,True,False,False,False,False,True
minnehaha county,south dakota,46099,533.7,1079,-0.1,1,False,True,False,False,False,True
st. james parish,louisiana,22093,533.5,144,0.9,1,False,True,False,False,True,False
schuylkill county,pennsylvania,42107,533.4,1120,0.4,1,True,False,False,False,True,False
decatur county,iowa,19053,533.4,55,0.7,1,True,False,False,False,True,False
wayne county,west virginia,54099,533.2,303,2.6,1,False,True,False,False,True,False
franklin county,nebraska,31061,532.9,26,6.5,1,True,False,False,False,False,True
trimble county,kentucky,21223,532.9,60,1.2,1,True,False,False,False,False,True
pendleton county,kentucky,21191,532.7,99,0.4,1,False,True,False,False,False,True
mercer county,illinois,17131,532.6,120,0.4,1,False,True,False,False,False,True
harrison county,west virginia,54033,532.4,490,0,1,True,False,False,False,False,True
oglethorpe county,georgia,13221,532.3,108,0.8,1,False,True,False,False,True,False
acadia parish,louisiana,22001,532.2,370,0.6,1,False,True,False,False,True,False
boone county,nebraska,31011,532.1,44,0.1,1,True,False,False,False,False,True
gallatin county,kentucky,21077,532,53,0.7,1,False,True,False,False,False,True
nelson county,kentucky,21179,531.5,300,-0.1,1,False,True,False,False,False,True
clinton county,iowa,19045,531.5,345,0.3,1,True,False,False,False,False,True
barren county,kentucky,21009,531.5,304,0.6,1,True,False,False,False,False,True
harlan county,kentucky,21095,531.4,195,0.3,1,True,False,False,False,False,True
franklin county,illinois,17055,531.2,288,0.2,1,True,False,False,False,False,True
lee county,georgia,13177,531.1,183,0.7,1,False,True,False,False,False,True
hubbard county,minnesota,27057,531.1,181,0.9,1,True,False,False,False,False,True
flagler county,florida,12035,531,1144,0,1,False,True,False,False,False,True
jefferson county,arkansas,05069,531,466,0.5,1,True,False,False,False,False,True
tama county,iowa,19171,530.8,123,0.5,1,True,False,False,False,False,True
grant county,minnesota,27051,530.6,50,0.6,1,True,False,False,False,False,True
gloucester county,new jersey,34015,530.6,1962,-0.2,1,False,True,False,False,False,True
sumter county,georgia,13261,530.5,193,0.6,1,True,False,False,False,False,True
st. martin parish,louisiana,22099,530.2,341,0.2,1,False,True,False,False,False,True
marion county,missouri,29127,530,194,0.6,1,True,False,False,False,False,True
jones county,georgia,13169,530,195,1.3,1,False,True,False,False,True,False
baylor county,texas,48023,529.8,28,-0.2,1,True,False,False,False,False,True
humphreys county,tennessee,47085,529.8,142,-0.7,1,True,False,False,False,False,True
walker county,texas,48471,529.7,442,7.7,1,True,False,False,False,True,False
calloway county,kentucky,21035,529.4,236,0.3,1,True,False,False,False,False,True
langlade county,wisconsin,55067,529.2,170,1.7,1,True,False,False,False,False,True
iberia parish,louisiana,22045,529.2,445,-0.1,1,True,False,False,False,False,True
iron county,missouri,29093,529.1,77,1.1,1,True,False,False,False,False,True
madison county,iowa,19121,528.9,110,4.6,1,False,True,False,False,True,False
bourbon county,kentucky,21017,528.9,148,-0.3,1,False,True,False,False,False,True
chippewa county,minnesota,27023,528.2,98,-3.4,1,True,False,False,False,False,True
pulaski county,kentucky,21199,527.8,466,-0.1,1,True,False,False,False,False,True
mason county,west virginia,54053,527.7,201,0.8,1,True,False,False,False,False,True
metcalfe county,kentucky,21169,527.6,76,0.6,1,True,False,False,False,False,True
mclean county,north dakota,38055,527.4,79,0.2,1,True,False,False,False,False,True
penobscot county,maine,23019,527.4,1094,0.6,1,False,True,False,False,False,True
warren county,georgia,13301,527.2,43,-999,1,True,False,True,False,False,False
jerauld county,south dakota,46073,527.2,15,-0.5,1,True,False,False,False,False,True
morris county,texas,48343,527.1,93,4.4,1,True,False,False,False,True,False
haakon county,south dakota,46055,526.9,16,-0.2,1,True,False,False,False,False,True
jackson county,colorado,08057,526.8,11,-0.2,1,True,False,False,False,False,True
clay county,arkansas,05021,526.8,117,1.5,1,True,False,False,False,True,False
citrus county,florida,12017,526.6,1672,0.7,1,False,True,False,False,False,True
jasper county,texas,48241,526.6,244,0.7,1,True,False,False,False,True,False
fredericksburg city,virginia,51630,526.5,134,-0.6,1,False,True,False,False,False,True
montgomery county,iowa,19137,526.5,80,0.6,1,True,False,False,False,False,True
mingo county,west virginia,54059,526.4,173,0,1,True,False,False,False,False,True
mercer county,north dakota,38057,526.4,62,0.9,1,True,False,False,False,False,True
buena vista city,virginia,51530,526,47,1.2,1,True,False,False,False,False,True
cheyenne county,colorado,08017,525.9,13,1.7,1,True,False,False,False,False,True
franklin county,iowa,19069,525.7,79,0.9,1,True,False,False,False,True,False
barrow county,georgia,13013,525.7,448,0.3,1,False,True,False,False,False,True
thurston county,nebraska,31173,525.7,33,0.1,1,True,False,False,False,False,True
thayer county,nebraska,31169,525.7,40,1.1,1,True,False,False,False,False,True
sussex county,virginia,51183,525.4,77,1.3,1,False,True,False,False,True,False
marion county,florida,12083,525.1,3397,-0.3,1,False,True,False,False,False,True
logan county,kentucky,21141,525.1,188,-0.1,1,True,False,False,False,False,True
montgomery county,new york,36057,525,353,-0.1,1,True,False,False,False,False,True
jasper county,illinois,17079,524.7,69,0.3,1,True,False,False,False,False,True
lanier county,georgia,13173,524.6,60,1.2,1,False,True,False,False,False,True
fulton county,illinois,17057,524.6,258,0.1,1,True,False,False,False,False,True
madison county,missouri,29123,524.5,93,0,1,True,False,False,False,False,True
fulton county,new york,36035,524.4,399,0.1,1,True,False,False,False,False,True
ocean county,new jersey,34029,524.3,4942,-0.4,1,False,True,False,True,False,False
clay county,iowa,19041,523.8,127,0.2,1,True,False,False,False,False,True
mcduffie county,georgia,13189,523.7,148,0.8,1,False,True,False,False,False,True
st. francois county,missouri,29187,523.5,440,0.5,1,True,False,False,False,False,True
becker county,minnesota,27005,523.4,262,0.8,1,True,False,False,False,False,True
mccreary county,kentucky,21147,523.3,108,-0.3,1,True,False,False,False,False,True
wyoming county,new york,36121,523.2,296,-1.4,1,True,False,False,True,False,False
bienville parish,louisiana,22013,523.2,100,0,1,True,False,False,False,False,True
mcculloch county,texas,48307,522.8,61,0.7,1,True,False,False,False,False,True
roane county,west virginia,54087,522.8,111,0,1,True,False,False,False,False,True
johnston county,oklahoma,40069,522.7,70,6.7,1,True,False,False,False,False,True
holmes county,mississippi,28051,522.6,106,0.1,1,False,True,False,False,False,True
gallia county,ohio,39053,522.5,206,0.7,1,True,False,False,False,False,True
boone county,west virginia,54005,522.3,168,0.5,1,False,True,False,False,False,True
jones county,north carolina,37103,522.3,78,0.3,1,True,False,False,False,False,True
wayne county,north carolina,37191,522.2,751,0.8,1,False,True,False,False,False,True
mccracken county,kentucky,21145,522.2,493,1.8,1,False,True,False,False,True,False
wapello county,iowa,19179,522.2,241,0.3,1,True,False,False,False,False,True
washington county,illinois,17189,522.2,104,0.1,1,True,False,False,False,False,True
kenton county,kentucky,21117,522,1010,0.9,1,False,True,False,False,False,True
ross county,ohio,39141,521.9,525,0.6,1,True,False,False,False,False,True
desha county,arkansas,05041,521.7,80,1.2,1,True,False,False,False,False,True
foard county,texas,48155,521.5,9,3.9,1,True,False,False,False,False,True
adams county,ohio,39001,521.2,191,0.9,1,True,False,False,False,False,True
hancock county,maine,23009,520.9,468,1,1,True,False,False,False,False,True
natchitoches parish,louisiana,22069,520.7,230,0.6,1,True,False,False,False,True,False
magoffin county,kentucky,21153,520.5,82,0.1,1,True,False,False,False,False,True
dickson county,tennessee,47043,520.4,346,0.7,1,False,True,False,False,True,False
monona county,iowa,19133,520.4,73,0.4,1,True,False,False,False,False,True
chickasaw county,iowa,19037,520.4,91,0.6,1,True,False,False,False,False,True
okmulgee county,oklahoma,40111,520.3,251,0.6,1,False,True,False,False,False,True
beauregard parish,louisiana,22011,520.2,223,0.4,1,True,False,False,False,False,True
monmouth county,new jersey,34025,520,4499,0.4,1,False,True,False,False,False,True
stanly county,north carolina,37167,519.7,434,0,1,True,False,False,False,False,True
martin county,kentucky,21159,519.6,75,0.2,1,True,False,False,False,False,True
mayes county,oklahoma,40097,519.6,269,2.4,1,True,False,False,False,True,False
woodbury county,iowa,19193,519.5,622,0.3,1,False,True,False,False,False,True
indian river county,florida,12061,519.3,1633,0.4,1,False,True,False,False,False,True
granville county,north carolina,37077,519,414,-0.7,1,True,False,False,False,False,True
stephens county,georgia,13257,519,193,0.4,1,True,False,False,False,False,True
sequoyah county,oklahoma,40135,518.9,269,-0.9,1,False,True,False,False,False,True
chickasaw county,mississippi,28017,518.8,116,0.6,1,True,False,False,False,False,True
crawford county,missouri,29055,518.6,169,-6.1,1,True,False,False,False,False,True
latimer county,oklahoma,40077,518.5,71,1.3,1,True,False,False,False,False,True
richmond county,north carolina,37153,518.5,295,0.4,1,True,False,False,False,False,True
keokuk county,iowa,19107,518.5,74,0.2,1,True,False,False,False,False,True
ontario county,new york,36069,518.5,838,0.2,1,False,True,False,False,False,True
yukon-koyukuk census area,alaska,02290,518.4,33,0.4,1,True,False,False,False,False,True
wayne county,georgia,13305,518.3,191,0,1,True,False,False,False,False,True
jones county,south dakota,46075,518.3,8,-0.7,1,True,False,False,False,False,True
clark county,kentucky,21049,518.3,248,0,1,False,True,False,False,False,True
warren county,new york,36113,518.3,526,0,1,False,True,False,False,False,True
marshall county,kentucky,21157,518.1,244,0,1,True,False,False,False,False,True
clay county,nebraska,31035,518.1,44,-0.4,1,True,False,False,False,False,True
randolph county,west virginia,54083,518,215,3.6,1,True,False,False,False,True,False
lamar county,georgia,13171,518,120,0.1,1,True,False,False,False,False,True
renville county,minnesota,27129,517.7,109,0.5,1,True,False,False,False,False,True
adams county,illinois,17001,517.6,468,2,1,True,False,False,False,True,False
pipestone county,minnesota,27117,517.1,69,0.2,1,True,False,False,False,False,True
washington parish,louisiana,22117,517.1,310,-0.2,1,True,False,False,False,False,True
seneca county,new york,36099,517,244,-0.3,1,True,False,False,False,False,True
grenada county,mississippi,28043,516.9,145,0.2,1,True,False,False,False,False,True
sharp county,arkansas,05135,516.9,146,0.5,1,True,False,False,False,False,True
erie county,new york,36029,516.8,6520,-0.6,1,False,True,False,True,False,False
allen parish,louisiana,22003,516.6,138,1.2,1,True,False,False,False,False,True
black hawk county,iowa,19013,516.6,812,0.1,1,False,True,False,False,False,True
butts county,georgia,13035,516.5,157,0.5,1,False,True,False,False,False,True
mississippi county,arkansas,05093,516.5,243,1.1,1,True,False,False,False,True,False
taylor county,west virginia,54091,516.5,123,3.3,1,True,False,False,False,True,False
todd county,south dakota,46121,516.4,29,0.6,1,True,False,False,False,False,True
jefferson county,ohio,39081,516.3,501,0.6,1,False,True,False,False,False,True
johnson county,kentucky,21115,516.3,161,-7.1,1,True,False,False,True,False,False
jackson county,ohio,39079,516.2,215,0.7,1,True,False,False,False,False,True
tunica county,mississippi,28143,516,53,0.9,1,False,True,False,False,False,True
washington county,kentucky,21229,516,83,1.4,1,True,False,False,False,True,False
cerro gordo county,iowa,19033,516,335,-4.1,1,True,False,False,False,False,True
olmsted county,minnesota,27109,516,965,-0.2,1,False,True,False,False,False,True
pasco county,florida,12101,515.8,4219,-1,1,False,True,False,True,False,False
arkansas county,arkansas,05001,515.8,126,0.9,1,True,False,False,False,False,True
wayne county,new york,36117,515.6,663,0,1,False,True,False,False,False,True
marshall county,minnesota,27089,515.5,70,1.1,1,True,False,False,False,False,True
bath county,virginia,51017,515.5,39,1.7,1,True,False,False,False,False,True
carter county,missouri,29035,515.4,39,0,1,True,False,False,False,False,True
chautauqua county,new york,36013,515.2,939,-1.1,1,True,False,False,False,False,True
jersey county,illinois,17083,515.1,155,0.6,1,False,True,False,False,False,True
towns county,georgia,13281,515.1,130,-0.4,1,True,False,False,False,False,True
suffolk county,new york,36103,514.9,10153,-0.6,1,False,True,False,True,False,False
greene county,iowa,19073,514.7,71,1,1,True,False,False,False,True,False
mchenry county,north dakota,38049,514.7,41,0.9,1,False,True,False,False,False,True
yates county,new york,36123,514.6,186,0,1,True,False,False,False,False,True
emmet county,iowa,19063,514.6,74,0.4,1,True,False,False,False,False,True
isanti county,minnesota,27059,514.4,260,1.1,1,False,True,False,False,True,False
camden county,new jersey,34007,514.3,3256,-0.3,1,False,True,False,False,False,True
tyrrell county,north carolina,37177,514.1,27,2.6,1,True,False,False,False,True,False
claiborne parish,louisiana,22027,514.1,105,1.2,1,True,False,False,False,False,True
butler county,iowa,19023,514.1,113,1.4,1,True,False,False,False,True,False
jackson county,illinois,17077,513.9,309,3.3,1,True,False,False,False,True,False
searcy county,arkansas,05129,513.8,66,1.1,1,True,False,False,False,False,True
volusia county,florida,12127,513.7,4580,-0.7,1,False,True,False,False,False,True
woodford county,kentucky,21239,513.6,189,-0.6,1,False,True,False,False,False,True
benton county,iowa,19011,513.6,179,0.1,1,False,True,False,False,False,True
jackson county,iowa,19097,513.6,146,0.3,1,True,False,False,False,False,True
fisher county,texas,48151,513.5,27,16.2,1,True,False,False,False,True,False
mccurtain county,oklahoma,40089,513.5,203,0,1,True,False,False,False,False,True
barbour county,west virginia,54001,513.1,109,0.5,1,True,False,False,False,False,True
baldwin county,georgia,13009,513.1,270,0.4,1,True,False,False,False,False,True
bureau county,illinois,17011,513.1,254,0,1,True,False,False,False,False,True
cherokee county,georgia,13057,513,1538,0.3,1,False,True,False,False,False,True
ford county,illinois,17053,513,95,-0.1,1,False,True,False,False,False,True
fayette county,west virginia,54019,512.9,306,0.5,1,False,True,False,False,False,True
clay county,florida,12019,512.8,1369,0.3,1,False,True,False,False,False,True
beltrami county,minnesota,27007,512.8,274,0.4,1,True,False,False,False,False,True
lee county,mississippi,28081,512.7,498,1.2,1,True,False,False,False,True,False
jefferson county,kentucky,21111,512.7,4896,-0.3,1,False,True,False,True,False,False
sampson county,north carolina,37163,512.7,392,0.8,1,True,False,False,False,True,False
buchanan county,iowa,19019,512.6,138,0,1,True,False,False,False,False,True
brunswick county,virginia,51025,512.6,124,1,1,True,False,False,False,True,False
dickinson county,iowa,19059,512.5,154,0.4,1,True,False,False,False,False,True
crawford county,georgia,13079,512.5,90,0.8,1,False,True,False,False,False,True
marion county,tennessee,47115,512.5,208,0.3,1,False,True,False,False,False,True
liberty county,montana,30051,512.4,15,9.2,1,True,False,False,False,False,True
campbell county,kentucky,21037,512.4,591,-0.2,1,False,True,False,False,False,True
nowata county,oklahoma,40105,512.3,69,0.6,1,True,False,False,False,False,True
walton county,georgia,13297,512,594,0.8,1,False,True,False,False,True,False
page county,iowa,19145,511.8,122,-0.5,1,True,False,False,False,False,True
southeast fairbanks census area,alaska,02240,511.8,38,4.3,1,True,False,False,False,False,True
ringgold county,iowa,19159,511.7,40,0.7,1,True,False,False,False,False,True
sterling county,texas,48431,511.7,7,-999,1,True,False,True,False,False,False
boone county,iowa,19015,511.7,187,1.9,1,False,True,False,False,True,False
big stone county,minnesota,27011,511.6,43,0.2,1,True,False,False,False,False,True
nance county,nebraska,31125,511.5,24,2.1,1,True,False,False,False,False,True
smith county,mississippi,28129,511.4,102,1.3,1,True,False,False,False,False,True
pocahontas county,iowa,19151,511.4,58,0,1,True,False,False,False,False,True
cleveland county,north carolina,37045,511.2,681,0.7,1,True,False,False,False,True,False
powell county,montana,30077,511.2,53,0.5,1,True,False,False,False,False,True
esmeralda county,nevada,32009,511.1,7,0.9,1,True,False,False,False,False,True
jackson county,kentucky,21109,511.1,89,0.2,1,True,False,False,False,False,True
chemung county,new york,36015,510.9,593,-0.2,1,False,True,False,False,False,True
carroll county,kentucky,21041,510.7,68,-0.2,1,True,False,False,False,False,True
richland parish,louisiana,22083,510.7,132,0.1,1,False,True,False,False,False,True
wakulla county,florida,12129,510.7,210,0.8,1,False,True,False,False,False,True
stoddard county,missouri,29207,510.7,207,0.6,1,True,False,False,False,False,True
cameron county,pennsylvania,42023,510.6,41,-1.3,1,True,False,False,False,False,True
evangeline parish,louisiana,22039,510.6,200,0.2,1,True,False,False,False,False,True
person county,north carolina,37145,510.5,286,0.3,1,False,True,False,False,False,True
henderson county,texas,48213,510.4,630,0,1,True,False,False,False,False,True
columbia county,pennsylvania,42037,510.2,453,0.1,1,True,False,False,False,False,True
smith county,tennessee,47159,510,130,-0.1,1,False,True,False,False,False,True
st. johns county,florida,12109,510,1940,0.9,1,False,True,False,False,False,True
lee county,kentucky,21129,509.9,50,-0.1,1,True,False,False,False,False,True
brown county,minnesota,27015,509.9,188,0.8,1,True,False,False,False,True,False
des moines county,iowa,19057,509.7,284,0.3,1,True,False,False,False,False,True
monroe county,new york,36055,509.6,4959,0.7,1,False,True,False,False,False,True
muskingum county,ohio,39119,509.4,571,0.3,1,True,False,False,False,False,True
yazoo county,mississippi,28163,509.4,149,3.8,1,False,True,False,False,False,True
plymouth county,iowa,19149,509.3,171,0,1,True,False,False,False,False,True
benton county,tennessee,47005,509.3,127,-6.5,1,True,False,False,False,False,True
marquette county,wisconsin,55077,509.3,131,-0.7,1,True,False,False,False,False,True
rhea county,tennessee,47143,509.3,227,-1.3,1,True,False,False,True,False,False
haywood county,north carolina,37087,509.2,519,0.7,1,True,False,False,False,False,True
gladwin county,michigan,26051,509.1,221,4.3,1,True,False,False,False,True,False
jackson parish,louisiana,22049,509.1,107,3.8,1,True,False,False,False,True,False
wicomico county,maryland,24045,509,626,0,1,False,True,False,False,False,True
mille lacs county,minnesota,27095,508.9,182,0.2,1,False,True,False,False,False,True
west feliciana parish,louisiana,22125,508.9,102,0.7,1,False,True,False,False,False,True
newton county,georgia,13217,508.9,605,0.1,1,False,True,False,False,False,True
bryan county,georgia,13029,508.9,202,0.2,1,False,True,False,False,False,True
union parish,louisiana,22111,508.9,156,0.4,1,False,True,False,False,False,True
lee county,iowa,19111,508.8,249,0.3,1,True,False,False,False,False,True
genesee county,new york,36037,508.8,417,-0.5,1,True,False,False,True,False,False
burlington county,new jersey,34005,508.7,3075,-0.4,1,False,True,False,True,False,False
madison county,kentucky,21151,508.6,505,-0.4,1,True,False,False,False,False,True
richmond county,new york,36085,508.6,3103,-0.1,1,False,True,False,False,False,True
de soto parish,louisiana,22031,508.6,179,-0.1,1,False,True,False,False,False,True
haywood county,tennessee,47075,508.6,126,1.5,1,True,False,False,False,True,False
stark county,illinois,17175,508.6,43,-0.4,1,False,True,False,False,False,True
marion county,iowa,19125,508.4,225,0.6,1,True,False,False,False,True,False
albany county,new york,36001,508.4,2013,0.1,1,False,True,False,False,False,True
garrard county,kentucky,21079,508.4,119,-0.9,1,True,False,False,True,False,False
treasure county,montana,30103,508.3,6,-2.3,1,True,False,False,False,False,True
greene county,new york,36039,508.3,377,-0.5,1,True,False,False,False,False,True
dunklin county,missouri,29069,508.1,191,0.8,1,True,False,False,False,False,True
sibley county,minnesota,27143,508,100,1.1,1,True,False,False,False,False,True
gregory county,south dakota,46053,507.9,31,1.1,1,True,False,False,False,False,True
crow wing county,minnesota,27035,507.8,517,0.3,1,True,False,False,False,False,True
escambia county,florida,12033,507.8,2041,0.7,1,False,True,False,False,True,False
clark county,south dakota,46025,507.6,29,1.2,1,True,False,False,False,False,True
stillwater county,montana,30095,507.4,72,0.7,1,False,True,False,False,False,True
macon county,tennessee,47111,507.4,154,0.4,1,False,True,False,False,False,True
iroquois county,illinois,17075,507.3,206,0.5,1,True,False,False,False,False,True
scott county,iowa,19163,507.2,1086,0,1,False,True,False,False,False,True
cayuga county,new york,36011,507.1,556,0,1,True,False,False,False,False,True
cherokee county,texas,48073,507,325,0.9,1,True,False,False,False,True,False
spalding county,georgia,13255,506.9,438,-0.8,1,False,True,False,False,False,True
scott county,missouri,29201,506.9,254,0.3,1,True,False,False,False,False,True
jasper county,missouri,29097,506.6,718,0.8,1,False,True,False,False,False,True
holt county,missouri,29087,506.6,35,0.9,1,True,False,False,False,False,True
webster county,west virginia,54101,506.6,65,0.5,1,True,False,False,False,False,True
hancock county,tennessee,47067,506.5,49,0.5,1,True,False,False,False,False,True
calhoun county,georgia,13037,506.5,35,7.5,1,True,False,False,False,False,True
worth county,missouri,29227,506.5,16,1.4,1,True,False,False,False,False,True
rutherford county,north carolina,37161,506.2,487,3.6,1,True,False,False,False,True,False
sussex county,new jersey,34037,506.2,992,-0.5,1,False,True,False,True,False,False
campbell county,tennessee,47013,506.2,290,-0.2,1,False,True,False,False,False,True
brevard county,florida,12009,506.1,4894,-0.2,1,False,True,False,False,False,True
lenoir county,north carolina,37107,506.1,398,-0.6,1,True,False,False,False,False,True
houston county,tennessee,47083,506.1,60,1.6,1,True,False,False,False,True,False
fayette county,ohio,39047,506,187,1.3,1,True,False,False,False,True,False
northampton county,virginia,51131,506,107,-0.5,1,True,False,False,False,False,True
nicholas county,kentucky,21181,505.9,49,0.6,1,True,False,False,False,False,True
linn county,iowa,19113,505.9,1391,0.3,1,False,True,False,False,False,True
mitchell county,iowa,19131,505.9,73,0.1,1,True,False,False,False,False,True
greenup county,kentucky,21089,505.9,263,-0.9,1,False,True,False,False,False,True
guernsey county,ohio,39059,505.7,268,0.4,1,True,False,False,False,False,True
goochland county,virginia,51075,505.7,197,-0.2,1,False,True,False,False,False,True
cabell county,west virginia,54011,505.6,627,0,1,False,True,False,False,False,True
dewey county,oklahoma,40043,505.5,30,0,1,True,False,False,False,False,True
perry county,mississippi,28111,505.5,79,0,1,False,True,False,False,False,True
levy county,florida,12075,505.4,347,-0.2,1,False,True,False,False,False,True
luzerne county,pennsylvania,42079,505.4,2284,0,1,False,True,False,False,False,True
meigs county,ohio,39105,505.4,164,1,1,True,False,False,False,True,False
meade county,kentucky,21163,505.4,178,0,1,False,True,False,False,False,True
hickman county,tennessee,47081,505.3,165,0.2,1,False,True,False,False,False,True
northampton county,pennsylvania,42095,505.3,2158,-0.8,1,False,True,False,True,False,False
crockett county,texas,48105,505.3,20,1.2,1,True,False,False,False,False,True
jessamine county,kentucky,21113,505.2,314,0.1,1,False,True,False,False,False,True
gilchrist county,florida,12041,505.2,126,0.2,1,False,True,False,False,False,True
antelope county,nebraska,31003,505.1,47,7.4,1,True,False,False,False,True,False
lake county,minnesota,27075,505.1,96,1.1,1,True,False,False,False,False,True
broadwater county,montana,30007,505,54,-0.2,1,False,True,False,False,False,True
camden county,georgia,13039,505,289,-0.1,1,True,False,False,False,False,True
iowa county,iowa,19095,504.9,116,0.1,1,True,False,False,False,False,True
sargent county,north dakota,38081,504.9,29,-0.7,1,True,False,False,False,False,True
hall county,georgia,13139,504.9,1173,0.1,1,False,True,False,False,False,True
new kent county,virginia,51127,504.8,153,0,1,False,True,False,False,False,True
williamsburg city,virginia,51830,504.8,81,3.9,1,False,True,False,False,True,False
alamance county,north carolina,37001,504.7,1072,0.2,1,False,True,False,False,False,True
lawrence county,mississippi,28077,504.7,80,-0.7,1,True,False,False,False,False,True
yellowstone county,montana,30111,504.6,1030,-4.7,1,False,True,False,True,False,False
monroe county,mississippi,28095,504.5,240,0.6,1,True,False,False,False,False,True
jefferson county,georgia,13163,504.5,105,-999,1,True,False,True,False,False,False
bottineau county,north dakota,38009,504.5,49,-0.4,1,True,False,False,False,False,True
graves county,kentucky,21083,504.5,244,0.1,1,True,False,False,False,False,True
racine county,wisconsin,55101,504.4,1270,0.4,1,False,True,False,False,False,True
tazewell county,illinois,17179,504.4,902,-0.4,1,False,True,False,False,False,True
perry county,ohio,39127,504.3,234,1.5,1,False,True,False,False,True,False
assumption parish,louisiana,22007,504.3,145,0,1,False,True,False,False,False,True
rensselaer county,new york,36083,504.3,1045,-0.9,1,False,True,False,True,False,False
somerset county,maryland,24039,504.2,158,-0.2,1,False,True,False,False,False,True
waynesboro city,virginia,51820,504.2,146,-0.1,1,False,True,False,False,False,True
lewis county,kentucky,21135,504.1,89,0.8,1,True,False,False,False,False,True
worth county,iowa,19195,504.1,54,0.5,1,True,False,False,False,False,True
marion county,west virginia,54049,504,376,-0.7,1,True,False,False,False,False,True
mitchell county,georgia,13205,504,143,-0.4,1,True,False,False,False,False,True
washington county,minnesota,27163,504,1584,0.8,1,False,True,False,False,True,False
christian county,kentucky,21047,503.9,336,-0.2,1,False,True,False,False,False,True
pennington county,minnesota,27113,503.9,94,4.5,1,True,False,False,False,False,True
monroe county,ohio,39111,503.9,105,1,1,True,False,False,False,False,True
boyle county,kentucky,21021,503.8,205,0.4,1,True,False,False,False,False,True
petroleum county,montana,30069,503.7,4,-999,1,True,False,True,False,False,False
robertson county,kentucky,21201,503.6,16,1.1,1,True,False,False,False,False,True
tipton county,tennessee,47167,503.5,359,0.1,1,False,True,False,False,False,True
perry county,illinois,17145,503.5,143,0.4,1,True,False,False,False,False,True
columbia county,florida,12023,503.5,476,-1.9,1,True,False,False,False,False,True
mason county,kentucky,21161,503.4,115,-1.9,1,True,False,False,True,False,False
kanawha county,west virginia,54039,503.4,1315,-0.2,1,False,True,False,False,False,True
palo pinto county,texas,48363,503.2,195,0.1,1,True,False,False,False,False,True
marion county,texas,48315,503.1,84,5.3,1,True,False,False,False,False,True
mountrail county,north dakota,38061,503.1,50,0.6,1,True,False,False,False,False,True
warren county,illinois,17187,503.1,115,-0.3,1,True,False,False,False,False,True
gaston county,north carolina,37071,502.9,1415,0.1,1,False,True,False,False,False,True
pickens county,alabama,01107,502.9,135,0.6,1,False,True,False,False,False,True
wadena county,minnesota,27159,502.9,103,-0.1,1,True,False,False,False,False,True
chambers county,texas,48071,502.9,224,4.4,1,False,True,False,False,True,False
east carroll parish,louisiana,22035,502.8,43,0.4,1,True,False,False,False,False,True
green lake county,wisconsin,55047,502.7,149,3.9,1,True,False,False,False,True,False
haralson county,georgia,13143,502.6,184,0.6,1,False,True,False,False,False,True
fulton county,kentucky,21075,502.6,46,0.2,1,True,False,False,False,False,True
wyoming county,pennsylvania,42131,502.5,198,-0.6,1,False,True,False,False,False,True
daviess county,kentucky,21059,502.5,642,0.1,1,False,True,False,False,False,True
marinette county,wisconsin,55075,502.4,342,0.4,1,True,False,False,False,False,True
strafford county,new hampshire,33017,502.4,780,-0.3,1,False,True,False,False,False,True
wilkinson county,georgia,13319,502.3,64,0.1,1,True,False,False,False,False,True
yalobusha county,mississippi,28161,502.3,91,0.4,1,True,False,False,False,False,True
putnam county,west virginia,54079,502.2,385,-0.4,1,False,True,False,False,False,True
monroe county,pennsylvania,42089,502.1,1138,0.9,1,True,False,False,False,True,False
yellow medicine county,minnesota,27173,502.1,70,1.1,1,True,False,False,False,False,True
clinton county,illinois,17027,502.1,244,0.4,1,False,True,False,False,False,True
chisago county,minnesota,27025,502,347,3.8,1,False,True,False,False,True,False
pine county,minnesota,27115,502,214,4.5,1,True,False,False,False,False,True
humboldt county,iowa,19091,501.9,71,0.1,1,True,False,False,False,False,True
sevier county,tennessee,47155,501.8,694,-0.3,1,True,False,False,False,False,True
terrebonne parish,louisiana,22109,501.7,638,-2.8,1,False,True,False,False,False,True
polk county,minnesota,27119,501.6,207,0.5,1,False,True,False,False,False,True
woodford county,illinois,17203,501.6,252,0,1,False,True,False,False,False,True
pierce county,georgia,13229,501.6,121,-0.2,1,True,False,False,False,False,True
craven county,north carolina,37049,501.5,679,-0.4,1,True,False,False,False,False,True
watonwan county,minnesota,27165,501.5,77,0.4,1,True,False,False,False,False,True
greene county,pennsylvania,42059,501.4,248,0.1,1,True,False,False,False,False,True
franklin county,texas,48159,501.4,73,0,1,True,False,False,False,False,True
saratoga county,new york,36091,501.4,1598,-0.3,1,False,True,False,False,False,True
ida county,iowa,19093,501.4,52,0.7,1,True,False,False,False,False,True
grundy county,iowa,19075,501.3,90,0.3,1,False,True,False,False,False,True
calhoun county,mississippi,28013,501.3,90,0.9,1,True,False,False,False,False,True
pontotoc county,mississippi,28115,501.3,180,0.5,1,True,False,False,False,False,True
bond county,illinois,17005,501.2,111,-0.5,1,False,True,False,False,False,True
madison county,illinois,17119,501.1,1728,0,1,False,True,False,False,False,True
clallam county,washington,53009,501.1,717,0,1,True,False,False,False,False,True
warren county,new jersey,34041,501.1,757,-0.5,1,False,True,False,True,False,False
walworth county,wisconsin,55127,501,696,0.1,1,True,False,False,False,False,True
pointe coupee parish,louisiana,22077,500.9,154,1.7,1,False,True,False,False,True,False
livingston county,new york,36051,500.9,423,-0.3,1,False,True,False,False,False,True
okfuskee county,oklahoma,40107,500.9,76,0.4,1,True,False,False,False,False,True
peoria county,illinois,17143,500.8,1150,-0.4,1,False,True,False,True,False,False
braxton county,west virginia,54007,500.7,99,1.3,1,True,False,False,False,False,True
valley county,nebraska,31175,500.7,33,1,1,True,False,False,False,False,True
west carroll parish,louisiana,22123,500.6,70,0.1,1,True,False,False,False,False,True
madison county,georgia,13195,500.6,194,0.3,1,False,True,False,False,False,True
harrison county,ohio,39067,500.6,109,0.1,1,True,False,False,False,False,True
surry county,north carolina,37171,500.6,521,0.4,1,True,False,False,False,False,True
webster parish,louisiana,22119,500.5,262,-0.6,1,True,False,False,True,False,False
letcher county,kentucky,21133,500.4,153,-0.2,1,True,False,False,False,False,True
worcester county,maryland,24047,500.3,461,0.4,1,True,False,False,False,False,True
putnam county,florida,12107,500.3,569,-0.1,1,True,False,False,False,False,True
hopkins county,kentucky,21107,500.3,306,-0.4,1,True,False,False,False,False,True
halifax county,north carolina,37083,500.2,361,-4.2,1,True,False,False,False,False,True
talbot county,georgia,13263,500.2,49,0.7,1,False,True,False,False,False,True
onondaga county,new york,36067,500.2,3050,-0.3,1,False,True,False,False,False,True
giles county,virginia,51071,500.1,126,-1.5,1,False,True,False,False,False,True
highland county,ohio,39071,500.1,286,0.8,1,True,False,False,False,False,True
tucker county,west virginia,54093,500.1,58,-1.1,1,True,False,False,False,False,True
bollinger county,missouri,29017,500,79,0.9,1,False,True,False,False,False,True
lincoln county,north carolina,37109,500,580,0.1,1,False,True,False,False,False,True
wayne county,missouri,29223,500,91,0.6,1,True,False,False,False,False,True
clarke county,alabama,01025,499.9,164,5.5,1,True,False,False,False,True,False
lehigh county,pennsylvania,42077,499.9,2318,-0.2,1,False,True,False,False,False,True
ascension parish,louisiana,22005,499.6,637,-0.2,1,False,True,False,False,False,True
pearl river county,mississippi,28109,499.5,374,-0.2,1,True,False,False,False,False,True
redwood county,minnesota,27127,499.4,109,0.4,1,True,False,False,False,False,True
moore county,north carolina,37125,499.4,765,-0.2,1,False,True,False,False,False,True
lewis county,tennessee,47101,499.4,90,0.6,1,True,False,False,False,False,True
cheatham county,tennessee,47021,499.4,250,-0.9,1,False,True,False,False,False,True
floyd county,iowa,19067,499.4,116,0.3,1,True,False,False,False,False,True
creek county,oklahoma,40037,499.3,472,-0.1,1,False,True,False,False,False,True
brown county,illinois,17009,499.3,37,0.8,1,True,False,False,False,False,True
cecil county,maryland,24015,499,645,-3.9,1,False,True,False,False,False,True
lincoln county,missouri,29113,499,329,-0.3,1,False,True,False,False,False,True
marshall county,iowa,19127,499,262,0,1,True,False,False,False,False,True
heard county,georgia,13149,499,71,0.4,1,False,True,False,False,False,True
edgecombe county,north carolina,37065,499,350,0,1,False,True,False,False,False,True
clark county,arkansas,05019,498.9,123,1.1,1,True,False,False,False,False,True
jackson county,west virginia,54035,498.9,204,0.1,1,True,False,False,False,False,True
casey county,kentucky,21045,498.9,111,-0.1,1,True,False,False,False,False,True
tioga county,new york,36107,498.9,354,-0.2,1,False,True,False,False,False,True
duval county,florida,12031,498.8,5570,-0.7,1,False,True,False,True,False,False
la salle county,illinois,17099,498.8,752,-0.8,1,True,False,False,True,False,False
larue county,kentucky,21123,498.7,95,0.4,1,False,True,False,False,False,True
st. tammany parish,louisiana,22103,498.7,1681,-0.3,1,False,True,False,False,False,True
panola county,texas,48365,498.5,154,3.5,1,True,False,False,False,False,True
washington county,wisconsin,55131,498.4,931,0.1,1,False,True,False,False,False,True
carroll county,tennessee,47017,498.4,199,0.1,1,True,False,False,False,False,True
hill county,texas,48217,498.3,253,2.8,1,True,False,False,False,True,False
gregg county,texas,48183,498.3,713,-2.9,1,False,True,False,False,False,True
leflore county,mississippi,28083,498.3,159,-0.9,1,True,False,False,False,False,True
otter tail county,minnesota,27111,498.2,473,0.5,1,True,False,False,False,False,True
kent county,delaware,10001,498.2,1129,-1.1,1,False,True,False,True,False,False
parker county,texas,48367,498.2,866,1.4,1,False,True,False,False,False,True
clinton county,new york,36019,498.2,522,-0.3,1,True,False,False,False,False,True
fannin county,texas,48147,498.1,235,0.5,1,True,False,False,False,False,True
jefferson county,mississippi,28063,498,48,0.6,1,True,False,False,False,False,True
chester county,tennessee,47023,497.9,107,-6.5,1,False,True,False,False,False,True
hillsborough county,florida,12057,497.9,8108,-0.3,1,False,True,False,False,False,True
milwaukee county,wisconsin,55079,497.9,5064,0,1,False,True,False,False,False,True
ottawa county,ohio,39123,497.9,338,-0.3,1,False,True,False,False,False,True
brooks county,georgia,13027,497.8,113,0.5,1,False,True,False,False,False,True
williamson county,illinois,17199,497.8,452,0.1,1,True,False,False,False,False,True
forrest county,mississippi,28035,497.7,400,0.1,1,False,True,False,False,False,True
northumberland county,pennsylvania,42097,497.6,685,0.2,1,True,False,False,False,False,True
herkimer county,new york,36043,497.5,438,0,1,False,True,False,False,False,True
ohio county,kentucky,21183,497.5,156,-2.3,1,True,False,False,True,False,False
tangipahoa parish,louisiana,22105,497.5,742,0,1,False,True,False,False,False,True
upshur county,west virginia,54097,497.4,171,-0.4,1,True,False,False,False,False,True
knox county,texas,48275,497.2,22,1.3,1,True,False,False,False,False,True
caldwell county,north carolina,37027,497.2,581,0.6,1,False,True,False,False,False,True
banks county,georgia,13011,497,118,0.7,1,True,False,False,False,False,True
vinton county,ohio,39163,497,87,0.3,1,True,False,False,False,False,True
simpson county,mississippi,28127,497,170,1.1,1,False,True,False,False,False,True
chenango county,new york,36017,496.9,343,0.1,1,True,False,False,False,False,True
brown county,ohio,39015,496.9,290,0,1,False,True,False,False,False,True
licking county,ohio,39089,496.8,1105,0.3,1,False,True,False,False,False,True
cumberland county,illinois,17035,496.8,71,-0.3,1,True,False,False,False,False,True
sullivan county,new hampshire,33019,496.6,330,-0.3,1,True,False,False,False,False,True
montgomery county,mississippi,28097,496.6,73,0.7,1,True,False,False,False,False,True
dickens county,texas,48125,496.5,13,-0.3,1,True,False,False,False,False,True
calhoun county,iowa,19025,496.5,74,0.6,1,True,False,False,False,False,True
dougherty county,georgia,13095,496.5,520,-0.3,1,False,True,False,False,False,True
cass county,nebraska,31025,496.5,173,-0.4,1,False,True,False,False,False,True
lafayette county,wisconsin,55065,496.5,110,0.3,1,True,False,False,False,False,True
echols county,georgia,13101,496.5,19,-0.4,1,False,True,False,False,False,True
colonial heights city,virginia,51570,496.3,121,0.7,1,False,True,False,False,False,True
washington county,pennsylvania,42125,496.3,1514,-0.1,1,False,True,False,False,False,True
muscatine county,iowa,19139,496.2,268,0.2,1,True,False,False,False,False,True
robeson county,north carolina,37155,496.2,690,-1.5,1,True,False,False,False,False,True
otsego county,new york,36077,496.2,408,0,1,True,False,False,False,False,True
osage county,missouri,29151,496.1,86,1.4,1,False,True,False,False,True,False
salem county,new jersey,34033,496,438,-2,1,False,True,False,True,False,False
kankakee county,illinois,17091,495.9,671,-0.5,1,False,True,False,False,False,True
lewis county,new york,36049,495.9,181,-0.1,1,True,False,False,False,False,True
benson county,north dakota,38005,495.9,31,0.4,1,True,False,False,False,False,True
avoyelles parish,louisiana,22009,495.8,252,0,1,True,False,False,False,False,True
preble county,ohio,39135,495.8,282,0.4,1,True,False,False,False,False,True
lewis county,missouri,29111,495.8,64,-0.8,1,True,False,False,False,False,True
boone county,kentucky,21015,495.7,742,-0.1,1,False,True,False,False,False,True
union county,mississippi,28145,495.7,166,0.5,1,True,False,False,False,False,True
douglas county,south dakota,46043,495.7,22,0.5,1,True,False,False,False,False,True
columbia county,new york,36021,495.7,501,-0.1,1,True,False,False,False,False,True
waushara county,wisconsin,55137,495.6,202,3.5,1,True,False,False,False,True,False
davidson county,north carolina,37057,495.6,1128,0.3,1,False,True,False,False,False,True
kenosha county,wisconsin,55059,495.6,977,0.2,1,False,True,False,False,False,True
kalkaska county,michigan,26079,495.5,127,-0.4,1,False,True,False,False,False,True
pamlico county,north carolina,37137,495.3,113,0.1,1,True,False,False,False,False,True
cattaraugus county,new york,36009,495.2,535,-0.2,1,True,False,False,False,False,True
harford county,maryland,24025,495.2,1619,-2.6,1,False,True,False,True,False,False
lake county,florida,12069,495.2,3142,-0.5,1,False,True,False,True,False,False
marion county,ohio,39101,495.1,427,-0.1,1,True,False,False,False,False,True
real county,texas,48385,495.1,26,8.8,1,True,False,False,False,True,False
la salle parish,louisiana,22059,495,88,0,1,True,False,False,False,False,True
craighead county,arkansas,05031,494.9,571,0,1,False,True,False,False,False,True
pinellas county,florida,12103,494.9,7875,0.1,1,False,True,False,False,False,True
wichita county,texas,48485,494.9,717,0.7,1,False,True,False,False,False,True
grundy county,tennessee,47061,494.6,95,0.5,1,True,False,False,False,False,True
jefferson davis county,mississippi,28065,494.5,85,0.2,1,True,False,False,False,False,True
anoka county,minnesota,27003,494.4,2047,-0.1,1,False,True,False,False,False,True
west baton rouge parish,louisiana,22121,494.3,153,-0.5,1,False,True,False,False,False,True
waukesha county,wisconsin,55133,494.1,2783,1.1,1,False,True,False,False,True,False
roosevelt county,montana,30085,494.1,50,-0.1,1,True,False,False,False,False,True
st. louis county,minnesota,27137,494.1,1374,0.1,1,False,True,False,False,False,True
effingham county,illinois,17049,494,223,-0.2,1,True,False,False,False,False,True
martin county,north carolina,37117,494,175,0.4,1,True,False,False,False,False,True
greene county,georgia,13133,494,167,-999,1,True,False,True,False,False,False
waldo county,maine,23027,493.9,301,-0.6,1,True,False,False,False,False,True
oneida county,new york,36065,493.9,1551,-0.4,1,False,True,False,True,False,False
st. bernard parish,louisiana,22087,493.9,222,-0.2,1,False,True,False,False,False,True
mills county,iowa,19129,493.8,98,0.2,1,False,True,False,False,False,True
dixie county,florida,12029,493.8,133,-0.1,1,True,False,False,False,False,True
franklin county,missouri,29071,493.8,684,-0.1,1,False,True,False,False,False,True
dillon county,south carolina,45033,493.8,179,0.2,1,True,False,False,False,False,True
pickaway county,ohio,39129,493.7,354,0.2,1,False,True,False,False,False,True
polk county,florida,12105,493.6,4800,-0.6,1,False,True,False,True,False,False
randolph county,north carolina,37151,493.5,942,-0.9,1,False,True,False,False,False,True
clearwater county,minnesota,27029,493.5,58,0.7,1,True,False,False,False,False,True
lampasas county,texas,48281,493.3,149,0.7,1,False,True,False,False,False,True
tyler county,west virginia,54095,493.3,65,-0.6,1,True,False,False,False,False,True
jackson county,georgia,13157,493.3,413,0.3,1,True,False,False,False,False,True
carroll county,maryland,24013,493.3,1115,0,1,False,True,False,False,False,True
pender county,north carolina,37141,493.2,397,0.3,1,False,True,False,False,False,True
cherokee county,oklahoma,40021,493.2,281,0.1,1,True,False,False,False,False,True
calhoun county,alabama,01015,493.2,733,2.4,1,False,True,False,False,True,False
itasca county,minnesota,27061,493.1,343,0.4,1,True,False,False,False,False,True
schenectady county,new york,36093,493.1,1000,-0.1,1,False,True,False,False,False,True
knox county,ohio,39083,493.1,401,0,1,True,False,False,False,False,True
franklin county,kentucky,21073,493.1,331,-0.6,1,True,False,False,False,False,True
brunswick county,north carolina,37019,493,1290,-2.1,1,False,True,False,False,False,True
breathitt county,kentucky,21025,492.9,91,-1.6,1,True,False,False,False,False,True
worth county,georgia,13321,492.9,142,0.6,1,False,True,False,False,False,True
rock county,wisconsin,55105,492.7,1014,0.2,1,False,True,False,False,False,True
hardin county,ohio,39065,492.7,180,0.8,1,True,False,False,False,False,True
ohio county,west virginia,54069,492.6,303,-0.4,1,False,True,False,False,False,True
ottawa county,oklahoma,40115,492.6,192,0.5,1,True,False,False,False,False,True
cleburne county,arkansas,05023,492.5,204,2,1,True,False,False,False,False,True
dorchester county,maryland,24019,492.5,240,0.3,1,True,False,False,False,False,True
ben hill county,georgia,13017,492.5,107,-1,1,True,False,False,False,False,True
davie county,north carolina,37059,492.4,307,-1.1,1,False,True,False,False,False,True
greene county,arkansas,05055,492.4,271,1.9,1,True,False,False,False,True,False
faribault county,minnesota,27043,492.4,105,0.7,1,True,False,False,False,False,True
morgan county,ohio,39115,492.3,104,0.1,1,True,False,False,False,False,True
murray county,georgia,13213,492.3,232,3,1,False,True,False,False,True,False
clark county,ohio,39023,492.3,919,0.4,1,False,True,False,False,False,True
nassau county,new york,36059,492.3,8999,-0.7,1,False,True,False,True,False,False
cedar county,iowa,19031,492.3,128,-0.4,1,True,False,False,False,False,True
leslie county,kentucky,21131,492.2,72,0.2,1,True,False,False,False,False,True
merrimack county,new hampshire,33013,492.1,1015,-0.5,1,True,False,False,True,False,False
crawford county,wisconsin,55023,492.1,124,-0.3,1,True,False,False,False,False,True
morehouse parish,louisiana,22067,492.1,171,0.1,1,False,True,False,False,False,True
mason county,washington,53045,492,507,-0.5,1,True,False,False,True,False,False
fremont county,iowa,19071,491.9,50,0.3,1,True,False,False,False,False,True
elmore county,idaho,16039,491.9,144,-1.6,1,True,False,False,True,False,False
sabine parish,louisiana,22085,491.9,154,-0.4,1,True,False,False,False,False,True
clinton county,ohio,39027,491.8,269,1.4,1,True,False,False,False,True,False
kittson county,minnesota,27069,491.6,34,0.8,1,True,False,False,False,False,True
denali,alaska,02068,491.6,9,-0.2,1,True,False,False,False,False,True
jones county,iowa,19105,491.5,148,-0.1,1,False,True,False,False,False,True
hutchinson county,south dakota,46067,491.5,53,0.4,1,True,False,False,False,False,True
lincoln county,nebraska,31111,491.5,241,0.4,1,True,False,False,False,False,True
paulding county,georgia,13223,491.4,798,-0.2,1,False,True,False,False,False,True
meriwether county,georgia,13199,491.4,149,1.3,1,False,True,False,False,True,False
jefferson county,illinois,17081,491.3,251,0,1,True,False,False,False,False,True
seneca county,ohio,39147,491.3,358,0,1,True,False,False,False,False,True
livingston parish,louisiana,22063,491.2,751,-0.2,1,False,True,False,False,False,True
fannin county,georgia,13111,491.2,234,1.1,1,True,False,False,False,True,False
wilcox county,alabama,01131,491.1,72,0.3,1,True,False,False,False,False,True
upshur county,texas,48459,491.1,266,1.5,1,False,True,False,False,False,True
cumberland county,new jersey,34011,491.1,897,0,1,False,True,False,False,False,True
lyon county,kentucky,21143,491,68,0.7,1,True,False,False,False,False,True
adams county,wisconsin,55001,490.8,194,0.1,1,True,False,False,False,False,True
foster county,north dakota,38031,490.8,26,0.4,1,True,False,False,False,False,True
carbon county,pennsylvania,42025,490.7,484,-0.3,1,False,True,False,False,False,True
fallon county,montana,30025,490.7,20,-0.3,1,True,False,False,False,False,True
juneau county,wisconsin,55057,490.7,194,0,1,True,False,False,False,False,True
polk county,iowa,19153,490.6,2531,0,1,False,True,False,False,False,True
randolph county,missouri,29175,490.6,152,0.1,1,True,False,False,False,False,True
macomb county,michigan,26099,490.6,5592,-0.6,1,False,True,False,True,False,False
charles mix county,south dakota,46023,490.5,57,0.2,1,True,False,False,False,False,True
belmont county,ohio,39013,490.5,473,-0.3,1,False,True,False,False,False,True
somerset county,maine,23025,490.4,378,0.6,1,True,False,False,False,False,True
laurel county,kentucky,21125,490.4,382,-2.3,1,True,False,False,True,False,False
broome county,new york,36007,490.4,1321,-0.1,1,False,True,False,False,False,True
cook county,georgia,13075,490.3,105,0.2,1,True,False,False,False,False,True
steuben county,new york,36101,490.2,649,0.4,1,True,False,False,False,False,True
fillmore county,minnesota,27045,490.2,149,-0.2,1,False,True,False,False,False,True
mahaska county,iowa,19123,490.2,142,0,1,True,False,False,False,False,True
runnels county,texas,48399,490,68,0.5,1,True,False,False,False,False,True
trigg county,kentucky,21221,490,106,-0.3,1,False,True,False,False,False,True
issaquena county,mississippi,28055,490,8,31.9,1,True,False,False,False,True,False
bell county,kentucky,21013,489.9,165,-0.1,1,True,False,False,False,False,True
cottonwood county,minnesota,27033,489.9,84,1.4,1,True,False,False,False,True,False
hinds county,mississippi,28049,489.8,1285,-0.7,1,False,True,False,True,False,False
highlands county,florida,12055,489.8,970,0.2,1,False,True,False,False,False,True
cass county,north dakota,38017,489.7,860,2.8,1,False,True,False,False,False,True
greensville county,virginia,51081,489.7,69,0,1,True,False,False,False,False,True
stewart county,georgia,13259,489.7,27,1.6,1,False,True,False,False,False,True
kay county,oklahoma,40071,489.7,286,0.1,1,True,False,False,False,False,True
grays harbor county,washington,53027,489.7,559,-0.4,1,True,False,False,True,False,False
madison county,mississippi,28089,489.6,597,1.7,1,False,True,False,False,False,True
johnston county,north carolina,37101,489.6,1136,0.4,1,False,True,False,False,False,True
marshall county,illinois,17123,489.6,87,0,1,False,True,False,False,False,True
aitkin county,minnesota,27001,489.5,162,-0.1,1,True,False,False,False,False,True
dakota county,minnesota,27037,489.5,2449,1,1,False,True,False,False,False,True
dinwiddie county,virginia,51053,489.4,189,3.7,1,False,True,False,False,False,True
blair county,pennsylvania,42013,489.2,865,0,1,False,True,False,False,False,True
brantley county,georgia,13025,489.2,112,2.5,1,False,True,False,False,True,False
skagit county,washington,53057,489.2,892,-0.7,1,False,True,False,True,False,False
monroe county,tennessee,47123,489.2,332,0.3,1,True,False,False,False,False,True
medina county,ohio,39103,489.1,1196,0,1,False,True,False,False,False,True
montgomery county,illinois,17135,489.1,199,-0.3,1,True,False,False,False,False,True
morgan county,georgia,13211,489.1,135,-999,1,False,True,True,False,False,False
franklin parish,louisiana,22041,488.9,126,0.4,1,True,False,False,False,False,True
hawkins county,tennessee,47073,488.9,410,-0.1,1,False,True,False,False,False,True
rockingham county,north carolina,37157,488.9,658,0,1,False,True,False,False,False,True
montague county,texas,48337,488.8,146,0.6,1,True,False,False,False,False,True
walker county,alabama,01127,488.8,441,-3.7,1,False,True,False,True,False,False
danville city,virginia,51590,488.6,296,-0.1,1,True,False,False,False,False,True
ouachita county,arkansas,05103,488.6,158,0.2,1,True,False,False,False,False,True
webster county,nebraska,31181,488.5,27,-0.4,1,True,False,False,False,False,True
nome census area,alaska,02180,488.5,33,0.5,1,True,False,False,False,False,True
st. charles parish,louisiana,22089,488.5,295,-0.1,1,False,True,False,False,False,True
lake county,ohio,39085,488.5,1624,0.1,1,False,True,False,False,False,True
st. mary parish,louisiana,22101,488.4,315,0,1,True,False,False,False,False,True
oneida county,wisconsin,55085,488.4,324,-1.5,1,True,False,False,True,False,False
hoke county,north carolina,37093,488.4,234,-0.3,1,False,True,False,False,False,True
jefferson county,nebraska,31095,488.3,57,1,1,True,False,False,False,False,True
caddo county,oklahoma,40015,488.3,159,0.4,1,True,False,False,False,False,True
madison county,new york,36053,488.2,455,-0.3,1,False,True,False,False,False,True
polk county,georgia,13233,488.2,249,-0.9,1,True,False,False,True,False,False
muskogee county,oklahoma,40101,488.2,405,-0.1,1,True,False,False,False,False,True
putnam county,new york,36079,488.2,648,-0.8,1,False,True,False,True,False,False
colleton county,south carolina,45029,488.1,267,-0.6,1,True,False,False,False,False,True
shoshone county,idaho,16079,488.1,99,-0.7,1,True,False,False,False,False,True
santa rosa county,florida,12113,488,1115,0.1,1,False,True,False,False,False,True
ritchie county,west virginia,54085,488,65,0.1,1,True,False,False,False,False,True
union county,north carolina,37179,487.9,1242,0.3,1,False,True,False,False,False,True
harnett county,north carolina,37085,487.9,675,-2.6,1,True,False,False,False,False,True
washington county,new york,36115,487.9,438,-0.4,1,False,True,False,False,False,True
staunton city,virginia,51790,487.8,178,-4.1,1,False,True,False,False,False,True
bremer county,iowa,19017,487.8,162,2.1,1,False,True,False,False,False,True
yancey county,north carolina,37199,487.7,151,1.9,1,True,False,False,False,False,True
lewis county,idaho,16061,487.7,31,-2.2,1,True,False,False,True,False,False
coke county,texas,48081,487.6,26,1.2,1,True,False,False,False,False,True
lorain county,ohio,39093,487.6,2031,0.5,1,False,True,False,False,False,True
caswell county,north carolina,37033,487.6,171,-0.1,1,True,False,False,False,False,True
lycoming county,pennsylvania,42081,487.5,773,-0.6,1,False,True,False,False,False,True
le sueur county,minnesota,27079,487.5,182,0.4,1,False,True,False,False,False,True
douglas county,minnesota,27041,487.4,291,0.1,1,True,False,False,False,False,True
montgomery county,ohio,39113,487.4,3387,0.9,1,False,True,False,False,True,False
burt county,nebraska,31021,487.3,50,0.4,1,True,False,False,False,False,True
moultrie county,illinois,17139,487.3,92,0,1,True,False,False,False,False,True
kent county,rhode island,44003,487.2,1165,-3,1,False,True,False,True,False,False
glenn county,california,06021,487.2,167,-0.1,1,True,False,False,False,False,True
columbus county,north carolina,37047,487,352,0.5,1,True,False,False,False,False,True
phillips county,montana,30071,487,33,1.2,1,True,False,False,False,False,True
kiowa county,oklahoma,40075,487,56,-0.1,1,True,False,False,False,False,True
pike county,mississippi,28113,486.9,244,-0.5,1,True,False,False,False,False,True
mecklenburg county,virginia,51117,486.8,248,0.4,1,True,False,False,False,False,True
logan county,arkansas,05083,486.7,150,2.7,1,True,False,False,False,True,False
washington county,idaho,16087,486.7,83,-0.5,1,True,False,False,False,False,True
sarasota county,florida,12115,486.6,4441,0.7,1,False,True,False,False,False,True
ogemaw county,michigan,26129,486.6,177,0,1,True,False,False,False,False,True
atlantic county,new jersey,34001,486.5,1810,-0.7,1,False,True,False,True,False,False
henry county,tennessee,47079,486.5,251,0,1,True,False,False,False,False,True
hot spring county,arkansas,05059,486.4,218,2.4,1,True,False,False,False,False,True
kitsap county,washington,53035,486.3,1728,0,1,False,True,False,False,False,True
flathead county,montana,30029,486.3,701,-0.2,1,True,False,False,False,False,True
bay county,michigan,26017,486.3,734,-0.2,1,False,True,False,False,False,True
tallahatchie county,mississippi,28135,486.2,76,1.4,1,True,False,False,False,True,False
catahoula parish,louisiana,22025,486.2,60,7.5,1,True,False,False,False,True,False
itawamba county,mississippi,28057,486.1,149,-0.6,1,True,False,False,False,False,True
cooke county,texas,48097,486.1,269,-0.1,1,True,False,False,False,False,True
hardeman county,tennessee,47069,486.1,167,-5,1,True,False,False,False,False,True
ozaukee county,wisconsin,55089,486.1,630,1.3,1,False,True,False,False,True,False
douglas county,illinois,17041,486.1,124,-0.3,1,True,False,False,False,False,True
jefferson davis parish,louisiana,22053,486.1,193,0,1,False,True,False,False,False,True
gordon county,georgia,13129,486,330,0,1,True,False,False,False,False,True
sarpy county,nebraska,31153,486,902,-0.3,1,False,True,False,False,False,True
vance county,north carolina,37181,486,276,-0.2,1,True,False,False,False,False,True
choctaw county,oklahoma,40023,485.9,99,0.5,1,True,False,False,False,False,True
east feliciana parish,louisiana,22037,485.9,136,-1.5,1,False,True,False,True,False,False
cass county,texas,48067,485.8,210,1,1,True,False,False,False,True,False
wyoming county,west virginia,54109,485.7,152,2.1,1,True,False,False,False,False,True
pottawattamie county,iowa,19155,485.6,588,-0.1,1,False,True,False,False,False,True
douglas county,nebraska,31055,485.5,2942,-1.3,1,False,True,False,True,False,False
champaign county,ohio,39021,485.5,257,0.7,1,True,False,False,False,False,True
montmorency county,michigan,26119,485.5,82,-0.5,1,True,False,False,False,False,True
raleigh county,west virginia,54081,485.5,516,0.3,1,False,True,False,False,False,True
cedar county,nebraska,31027,485.5,59,2.8,1,True,False,False,False,False,True
union county,iowa,19175,485.5,83,0,1,True,False,False,False,False,True
carlton county,minnesota,27017,485.4,233,0.2,1,False,True,False,False,False,True
harding county,new mexico,35021,485.4,7,2.5,1,True,False,False,False,True,False
butler county,missouri,29023,485.4,275,-0.1,1,True,False,False,False,False,True
dodge county,nebraska,31053,485.3,236,-8.5,1,True,False,False,True,False,False
vilas county,wisconsin,55125,485.3,226,-2.4,1,True,False,False,True,False,False
franklin county,new york,36033,485.3,313,-4.5,1,True,False,False,True,False,False
boundary county,idaho,16021,485.3,87,0.3,1,True,False,False,False,False,True
harrison county,mississippi,28047,485.2,1195,-0.5,1,False,True,False,False,False,True
clinton county,pennsylvania,42035,485.2,245,-0.2,1,True,False,False,False,False,True
union county,south dakota,46127,485.2,104,-0.2,1,False,True,False,False,False,True
carroll county,georgia,13045,485.1,622,-0.8,1,False,True,False,False,False,True
washington county,rhode island,44009,485.1,925,-1,1,False,True,False,True,False,False
emporia city,virginia,51595,485.1,37,-0.9,1,True,False,False,False,False,True
rowan county,north carolina,37159,485.1,925,-1.1,1,False,True,False,True,False,False
sherburne county,minnesota,27141,485.1,464,0.3,1,False,True,False,False,False,True
vernon parish,louisiana,22115,485,231,0.4,1,True,False,False,False,False,True
greene county,tennessee,47059,485,505,0.6,1,True,False,False,False,False,True
morton county,north dakota,38059,484.9,194,0.6,1,False,True,False,False,True,False
hamlin county,south dakota,46057,484.8,33,1.3,1,True,False,False,False,False,True
marshall county,west virginia,54051,484.8,228,0.2,1,False,True,False,False,False,True
wise county,texas,48497,484.7,391,1.1,1,False,True,False,False,True,False
schoharie county,new york,36095,484.7,224,0,1,False,True,False,False,False,True
nicholas county,west virginia,54067,484.7,181,-0.2,1,True,False,False,False,False,True
wabasha county,minnesota,27157,484.6,155,0.5,1,False,True,False,False,False,True
scotland county,north carolina,37165,484.6,217,-0.6,1,True,False,False,False,False,True
charles city county,virginia,51036,484.5,58,0.6,1,False,True,False,False,False,True
richland county,ohio,39139,484.5,821,1.5,1,False,True,False,False,True,False
caroline county,maryland,24011,484.5,210,-0.1,1,True,False,False,False,False,True
madison county,ohio,39097,484.4,264,0.6,1,False,True,False,False,False,True
new hanover county,north carolina,37129,484.4,1407,0.3,1,False,True,False,False,False,True
mcmullen county,texas,48311,484.2,5,1.9,1,True,False,False,False,False,True
scioto county,ohio,39145,484.1,469,-0.3,1,True,False,False,False,False,True
athens county,ohio,39009,484.1,311,-0.4,1,True,False,False,False,False,True
webster county,iowa,19187,484,242,-0.3,1,True,False,False,False,False,True
washington county,north carolina,37187,484,89,0.5,1,True,False,False,False,False,True
goodhue county,minnesota,27049,484,323,0.1,1,True,False,False,False,False,True
hughes county,south dakota,46065,483.9,110,0.4,1,True,False,False,False,False,True
franklin county,arkansas,05047,483.9,114,0.4,1,True,False,False,False,False,True
martin county,minnesota,27091,483.8,150,-0.2,1,True,False,False,False,False,True
lafayette parish,louisiana,22055,483.8,1273,-0.2,1,False,True,False,False,False,True
scott county,kentucky,21209,483.8,279,-0.2,1,False,True,False,False,False,True
maury county,tennessee,47119,483.7,594,0.2,1,False,True,False,False,False,True
furnas county,nebraska,31065,483.7,36,0.6,1,True,False,False,False,False,True
lunenburg county,virginia,51111,483.6,89,0.3,1,True,False,False,False,False,True
new madrid county,missouri,29143,483.6,114,-0.4,1,True,False,False,False,False,True
muhlenberg county,kentucky,21177,483.5,212,-0.3,1,True,False,False,False,False,True
lake county,michigan,26085,483.4,104,-0.9,1,True,False,False,False,False,True
coshocton county,ohio,39031,483.3,242,0.2,1,True,False,False,False,False,True
butte county,california,06007,483.2,1320,-0.3,1,False,True,False,False,False,True
tallapoosa county,alabama,01123,483.1,301,0.6,1,True,False,False,False,True,False
kandiyohi county,minnesota,27067,483.1,280,0.5,1,True,False,False,False,False,True
schuyler county,illinois,17169,483,53,1.3,1,True,False,False,False,True,False
bell county,texas,48027,483,1595,-0.2,1,False,True,False,False,False,True
tift county,georgia,13277,483,231,0.4,1,True,False,False,False,False,True
forsyth county,georgia,13117,483,1210,-0.1,1,False,True,False,False,False,True
lamar county,texas,48277,482.9,326,-0.3,1,True,False,False,False,False,True
york county,maine,23031,482.9,1496,-0.7,1,False,True,False,True,False,False
panola county,mississippi,28107,482.8,202,-0.3,1,True,False,False,False,False,True
aransas county,texas,48007,482.8,203,1.8,1,False,True,False,False,False,True
iredell county,north carolina,37097,482.7,1104,-0.5,1,False,True,False,True,False,False
jefferson county,oklahoma,40067,482.7,37,-0.9,1,True,False,False,False,False,True
lyon county,iowa,19119,482.7,75,0.3,1,True,False,False,False,False,True
knox county,maine,23013,482.7,327,-0.4,1,True,False,False,False,False,True
knott county,kentucky,21119,482.6,95,0.4,1,True,False,False,False,False,True
nemaha county,nebraska,31127,482.6,47,1.7,1,True,False,False,False,True,False
marion county,mississippi,28091,482.6,159,-3.2,1,True,False,False,False,False,True
sutton county,texas,48435,482.6,22,0.3,1,True,False,False,False,False,True
perry county,pennsylvania,42099,482.5,309,-0.2,1,False,True,False,False,False,True
monroe county,arkansas,05095,482.5,52,-0.5,1,True,False,False,False,False,True
lackawanna county,pennsylvania,42069,482.2,1447,-0.3,1,False,True,False,False,False,True
duplin county,north carolina,37061,482.2,321,1.2,1,True,False,False,False,True,False
lincoln county,wisconsin,55069,482.2,216,-0.2,1,True,False,False,False,False,True
monroe county,missouri,29137,482.1,67,0.8,1,True,False,False,False,False,True
franklin county,georgia,13119,482.1,150,0.9,1,True,False,False,False,False,True
erie county,pennsylvania,42049,482.1,1723,-0.2,1,False,True,False,False,False,True
pierce county,washington,53053,482.1,4801,0.9,1,False,True,False,False,False,True
sioux county,iowa,19167,481.9,197,-0.1,1,True,False,False,False,False,True
belknap county,new hampshire,33001,481.9,483,-3.5,1,True,False,False,True,False,False
stewart county,tennessee,47161,481.9,94,-0.5,1,False,True,False,False,False,True
caddo parish,louisiana,22017,481.8,1472,-0.4,1,False,True,False,True,False,False
orange county,virginia,51137,481.7,248,1.8,1,True,False,False,False,False,True
franklin county,north carolina,37069,481.7,421,0.2,1,False,True,False,False,False,True
gilmer county,georgia,13123,481.6,253,1.1,1,True,False,False,False,True,False
morgan county,west virginia,54065,481.6,131,0.6,1,False,True,False,False,False,True
bartow county,georgia,13015,481.5,594,-0.6,1,False,True,False,True,False,False
coos county,new hampshire,33007,481.5,256,-0.2,1,True,False,False,False,False,True
thomas county,georgia,13275,481.4,286,-0.7,1,True,False,False,False,False,True
ouachita parish,louisiana,22073,481.3,880,-0.1,1,False,True,False,False,False,True
warren county,tennessee,47177,481.2,256,0.5,1,True,False,False,False,False,True
gilmer county,west virginia,54021,481.1,46,0.8,1,True,False,False,False,False,True
taylor county,iowa,19173,481.1,44,0.5,1,True,False,False,False,False,True
price county,wisconsin,55099,481.1,121,0.2,1,True,False,False,False,False,True
cass county,minnesota,27021,481,250,-0.4,1,True,False,False,False,False,True
carroll county,illinois,17015,481,117,-0.4,1,True,False,False,False,False,True
washington county,mississippi,28151,480.9,275,-0.3,1,True,False,False,False,False,True
van buren county,arkansas,05141,480.9,127,1,1,True,False,False,False,False,True
st. clair county,illinois,17163,480.8,1524,-0.5,1,False,True,False,True,False,False
snohomish county,washington,53061,480.8,4382,-0.5,1,False,True,False,False,False,True
shelby county,kentucky,21211,480.7,281,-0.1,1,False,True,False,False,False,True
lincoln county,georgia,13181,480.7,62,-5.2,1,False,True,False,False,False,True
greenbrier county,west virginia,54025,480.6,246,-1,1,True,False,False,True,False,False
wood county,west virginia,54107,480.6,593,-0.4,1,False,True,False,True,False,False
ogle county,illinois,17141,480.6,343,1.2,1,True,False,False,False,True,False
alfalfa county,oklahoma,40003,480.5,39,0.3,1,True,False,False,False,False,True
wood county,texas,48499,480.5,378,1.7,1,True,False,False,False,True,False
guilford county,north carolina,37081,480.5,3002,-0.6,1,False,True,False,True,False,False
washington county,iowa,19183,480.5,146,0.5,1,False,True,False,False,False,True
calvert county,maryland,24009,480.5,547,3.5,1,False,True,False,False,False,True
morgan county,kentucky,21175,480.4,84,0.6,1,True,False,False,False,False,True
jefferson county,missouri,29099,480.4,1334,-0.2,1,False,True,False,False,False,True
monroe county,georgia,13207,480.4,182,0.1,1,False,True,False,False,False,True
thurston county,washington,53067,480.4,1761,0.4,1,False,True,False,False,False,True
decatur county,tennessee,47039,480.3,86,0.8,1,True,False,False,False,True,False
bay county,florida,12005,480.3,1150,0,1,False,True,False,False,False,True
union county,georgia,13291,480.3,239,0.2,1,True,False,False,False,False,True
hopkins county,texas,48223,480.2,229,0,1,True,False,False,False,False,True
stokes county,north carolina,37169,480.2,326,-1.7,1,False,True,False,True,False,False
huron county,ohio,39077,480.1,360,0.3,1,True,False,False,False,False,True
hamilton county,nebraska,31081,480.1,61,0.6,1,True,False,False,False,False,True
lake and peninsula borough,alaska,02164,480.1,7,-999,1,True,False,True,False,False,False
burke county,north carolina,37023,480,621,0.1,1,False,True,False,False,False,True
clatsop county,oregon,41007,480,297,0.1,1,True,False,False,False,False,True
silver bow county,montana,30093,479.9,228,-0.4,1,True,False,False,False,False,True
sac county,iowa,19161,479.9,74,-0.9,1,True,False,False,False,False,True
baltimore county,maryland,24005,479.9,5234,0.1,1,False,True,False,False,False,True
cannon county,tennessee,47015,479.8,92,7.9,1,False,True,False,False,True,False
queen annes county,maryland,24035,479.8,334,-0.1,1,False,True,False,False,False,True
troup county,georgia,13285,479.7,392,0,1,True,False,False,False,False,True
allen county,kentucky,21003,479.6,128,0.2,1,False,True,False,False,False,True
carteret county,north carolina,37031,479.6,549,-0.8,1,True,False,False,True,False,False
baker county,florida,12003,479.6,150,3.3,1,False,True,False,False,True,False
rapides parish,louisiana,22079,479.6,761,-0.2,1,False,True,False,False,False,True
douglas county,georgia,13097,479.5,698,-0.1,1,False,True,False,False,False,True
sullivan county,pennsylvania,42113,479.5,54,-2.6,1,True,False,False,False,False,True
chariton county,missouri,29041,479.5,55,-0.2,1,True,False,False,False,False,True
kendall county,illinois,17093,479.4,574,-0.2,1,False,True,False,False,False,True
henry county,georgia,13151,479.4,1173,-0.3,1,False,True,False,False,False,True
grant parish,louisiana,22043,479.4,124,-0.1,1,False,True,False,False,False,True
mchenry county,illinois,17111,479.4,1792,1.6,1,False,True,False,False,True,False
hancock county,west virginia,54029,479.3,225,-0.3,1,False,True,False,False,False,True
blount county,tennessee,47009,479.3,922,-0.8,1,False,True,False,True,False,False
o'brien county,iowa,19141,479.3,97,-0.2,1,True,False,False,False,False,True
morrison county,minnesota,27097,479.3,227,0.1,1,True,False,False,False,False,True
cleveland county,arkansas,05025,479.3,54,0.4,1,True,False,False,False,False,True
baltimore city,maryland,24510,479.2,3230,-0.4,1,False,True,False,False,False,True
wirt county,west virginia,54105,479.2,39,-0.2,1,False,True,False,False,False,True
prince george county,virginia,51149,479.1,206,-1,1,False,True,False,False,False,True
randolph county,illinois,17157,479.1,210,0.3,1,True,False,False,False,False,True
pottawatomie county,oklahoma,40125,479,417,-0.1,1,True,False,False,False,False,True
lyon county,minnesota,27083,478.9,147,0.1,1,True,False,False,False,False,True
treutlen county,georgia,13283,478.9,39,0.9,1,True,False,False,False,False,True
codington county,south dakota,46029,478.9,181,0.2,1,True,False,False,False,False,True
walthall county,mississippi,28147,478.9,92,1.3,1,True,False,False,False,False,True
mitchell county,north carolina,37121,478.8,117,0.7,1,True,False,False,False,False,True
turner county,georgia,13287,478.8,56,-0.3,1,True,False,False,False,False,True
saline county,nebraska,31151,478.8,82,0,1,True,False,False,False,False,True
fayette county,illinois,17051,478.8,138,-0.1,1,True,False,False,False,False,True
buchanan county,missouri,29021,478.8,501,0.2,1,False,True,False,False,False,True
dodge county,minnesota,27039,478.7,115,-0.9,1,False,True,False,False,False,True
johnson county,texas,48251,478.6,935,0.8,1,False,True,False,False,True,False
hancock county,kentucky,21091,478.6,57,1.6,1,True,False,False,False,True,False
calhoun county,illinois,17013,478.5,37,-0.2,1,False,True,False,False,False,True
wayne county,michigan,26163,478.5,10218,-1.4,1,False,True,False,True,False,False
livingston county,illinois,17105,478.4,238,-5.3,1,True,False,False,True,False,False
fayette county,kentucky,21067,478.4,1632,-0.7,1,False,True,False,True,False,False
mcminn county,tennessee,47107,478.3,359,0.8,1,True,False,False,False,False,True
grant county,oklahoma,40053,478.1,27,0.3,1,True,False,False,False,False,True
piatt county,illinois,17147,478.1,112,0,1,False,True,False,False,False,True
anderson county,kentucky,21005,478.1,141,-0.7,1,True,False,False,False,False,True
clayton county,iowa,19043,478.1,129,-0.1,1,True,False,False,False,False,True
weakley county,tennessee,47183,477.9,200,0.8,1,True,False,False,False,False,True
franklin city,virginia,51620,477.9,55,0.2,1,True,False,False,False,False,True
lake of the woods county,minnesota,27077,477.7,30,2.6,1,True,False,False,False,True,False
fentress county,tennessee,47049,477.7,137,-1.1,1,True,False,False,False,False,True
sullivan county,tennessee,47163,477.6,1121,-0.1,1,False,True,False,False,False,True
appling county,georgia,13001,477.5,114,2.7,1,True,False,False,False,False,True
mifflin county,pennsylvania,42087,477.5,323,0,1,True,False,False,False,False,True
eddy county,north dakota,38027,477.5,18,-0.7,1,True,False,False,False,False,True
hunterdon county,new jersey,34019,477.4,874,-0.1,1,False,True,False,False,False,True
cherokee county,south carolina,45021,477.4,340,-4.9,1,True,False,False,False,False,True
swisher county,texas,48437,477.4,41,0.5,1,True,False,False,False,False,True
macon county,missouri,29121,477.4,104,-0.1,1,True,False,False,False,False,True
payette county,idaho,16075,477.4,157,0.1,1,True,False,False,False,False,True
sheridan county,north dakota,38083,477.4,12,-0.8,1,True,False,False,False,False,True
crawford county,arkansas,05033,477.3,365,0.8,1,False,True,False,False,True,False
wright county,minnesota,27171,477.3,702,0.2,1,False,True,False,False,False,True
white county,arkansas,05145,477.3,444,-2.2,1,True,False,False,True,False,False
defiance county,ohio,39039,477.2,248,0.3,1,True,False,False,False,False,True
hardin county,illinois,17069,477.2,30,-0.5,1,True,False,False,False,False,True
bossier parish,louisiana,22015,477.2,683,-0.5,1,False,True,False,True,False,False
pike county,missouri,29163,477.1,112,-0.1,1,True,False,False,False,False,True
lucas county,ohio,39095,477.1,2531,-0.3,1,False,True,False,False,False,True
washington county,missouri,29221,477,149,0.1,1,True,False,False,False,False,True
louisa county,iowa,19115,477,71,0,1,True,False,False,False,False,True
hardin county,iowa,19083,476.9,123,0.2,1,True,False,False,False,False,True
cooper county,missouri,29053,476.9,106,0.5,1,False,True,False,False,False,True
rains county,texas,48379,476.7,96,0.9,1,True,False,False,False,False,True
rowan county,kentucky,21205,476.7,122,-1.6,1,True,False,False,True,False,False
dawson county,georgia,13085,476.6,180,-0.2,1,False,True,False,False,False,True
jackson county,mississippi,28059,476.6,847,1,1,False,True,False,False,False,True
lawrence county,tennessee,47099,476.6,273,0,1,True,False,False,False,False,True
scott county,arkansas,05127,476.5,68,1.4,1,True,False,False,False,False,True
plymouth county,massachusetts,25023,476.5,3415,-0.9,1,False,True,False,True,False,False
white county,tennessee,47185,476.5,182,-7.9,1,True,False,False,False,False,True
cuyahoga county,ohio,39035,476.4,8023,-0.3,1,False,True,False,False,False,True
lewis and clark county,montana,30049,476.4,448,-0.3,1,False,True,False,False,False,True
richmond county,georgia,13245,476.3,1093,-0.2,1,False,True,False,False,False,True
warren county,north carolina,37185,476.3,149,0.2,1,True,False,False,False,False,True
cabarrus county,north carolina,37025,476.3,1135,-1,1,False,True,False,True,False,False
pulaski county,missouri,29169,476.2,197,-0.8,1,True,False,False,False,False,True
northampton county,north carolina,37131,476.2,145,0.2,1,True,False,False,False,False,True
cheshire county,new hampshire,33005,476.2,520,-0.3,1,True,False,False,False,False,True
hancock county,mississippi,28045,476.1,317,-5.7,1,False,True,False,False,False,True
lonoke county,arkansas,05085,476.1,385,0.1,1,False,True,False,False,False,True
harrison county,missouri,29081,476,58,0.1,1,True,False,False,False,False,True
dawson county,texas,48115,476,62,0.3,1,True,False,False,False,False,True
somerset county,pennsylvania,42111,476,542,-0.4,1,True,False,False,False,False,True
brown county,south dakota,46013,475.8,227,0.4,1,True,False,False,False,False,True
whatcom county,washington,53073,475.8,1326,0.5,1,False,True,False,False,False,True
day county,south dakota,46037,475.7,43,0,1,True,False,False,False,False,True
hocking county,ohio,39073,475.7,188,0,1,False,True,False,False,False,True
houston county,georgia,13153,475.7,809,0.5,1,False,True,False,False,False,True
clermont county,ohio,39025,475.7,1257,-0.4,1,False,True,False,True,False,False
crawford county,michigan,26039,475.7,109,-0.5,1,True,False,False,False,False,True
berks county,pennsylvania,42011,475.7,2589,-0.2,1,False,True,False,False,False,True
allegany county,new york,36003,475.6,299,-0.2,1,True,False,False,False,False,True
dubuque county,iowa,19061,475.6,599,-0.1,1,False,True,False,False,False,True
rockingham county,new hampshire,33015,475.6,2079,-2.9,1,False,True,False,True,False,False
kiowa county,colorado,08061,475.6,11,0.2,1,True,False,False,False,False,True
red river parish,louisiana,22081,475.5,51,0.4,1,True,False,False,False,False,True
glacier county,montana,30035,475.5,64,0.1,1,True,False,False,False,False,True
matagorda county,texas,48321,475.4,215,2,1,True,False,False,False,False,True
johnson county,iowa,19103,475.4,673,-0.4,1,False,True,False,False,False,True
cambria county,pennsylvania,42021,475.3,990,-0.6,1,False,True,False,True,False,False
rice county,minnesota,27131,475.3,376,0.1,1,True,False,False,False,False,True
east baton rouge parish,louisiana,22033,475.3,2354,-0.3,1,False,True,False,False,False,True
muscogee county,georgia,13215,475.2,1061,-0.1,1,False,True,False,False,False,True
new london county,connecticut,09011,475.2,1723,2.5,1,False,True,False,False,False,True
oconto county,wisconsin,55083,475,273,-0.2,1,False,True,False,False,False,True
gadsden county,florida,12039,475,288,1.2,1,False,True,False,False,False,True
toombs county,georgia,13279,475,153,-0.3,1,True,False,False,False,False,True
duchesne county,utah,49013,475,89,0.6,1,True,False,False,False,True,False
lawrence county,alabama,01079,474.9,215,-0.1,1,False,True,False,False,False,True
clinch county,georgia,13065,474.9,40,-0.3,1,True,False,False,False,False,True
cumberland county,north carolina,37051,474.8,1551,0.1,1,False,True,False,False,False,True
mccone county,montana,30055,474.8,13,-1,1,True,False,False,False,False,True
burleson county,texas,48051,474.8,122,0.8,1,False,True,False,False,False,True
craig county,oklahoma,40035,474.7,94,-0.2,1,True,False,False,False,False,True
jefferson county,tennessee,47089,474.7,371,0,1,False,True,False,False,False,True
ashland county,ohio,39005,474.7,339,0.9,1,True,False,False,False,True,False
cross county,arkansas,05037,474.7,106,-7.7,1,True,False,False,False,False,True
ramsey county,north dakota,38071,474.6,78,-0.4,1,True,False,False,False,False,True
alexander county,north carolina,37003,474.6,247,0.3,1,False,True,False,False,False,True
elmore county,alabama,01051,474.6,502,0.1,1,False,True,False,False,False,True
bradford county,pennsylvania,42015,474.6,417,-0.5,1,True,False,False,False,False,True
gibson county,tennessee,47053,474.6,313,0.5,1,False,True,False,False,False,True
prince edward county,virginia,51147,474.5,115,-0.1,1,True,False,False,False,False,True
mercer county,new jersey,34021,474.5,2181,-0.6,1,False,True,False,True,False,False
meigs county,tennessee,47121,474.5,87,-8.9,1,True,False,False,True,False,False
livingston county,missouri,29117,474.5,93,-0.1,1,True,False,False,False,False,True
madison county,north carolina,37115,474.4,152,-0.1,1,False,True,False,False,False,True
beaver county,pennsylvania,42007,474.4,1196,-0.1,1,False,True,False,False,False,True
juniata county,pennsylvania,42067,474.4,158,1.9,1,True,False,False,False,True,False
winona county,minnesota,27169,474.4,290,0.1,1,True,False,False,False,False,True
san jacinto county,texas,48407,474.4,197,0.2,1,False,True,False,False,False,True
kent county,maryland,24029,474.4,154,0,1,True,False,False,False,False,True
hood county,texas,48221,474.3,465,-2.7,1,True,False,False,False,False,True
hamilton county,new york,36041,474.2,48,-1,1,True,False,False,False,False,True
pettis county,missouri,29159,474.2,256,-0.4,1,True,False,False,False,False,True
ketchikan gateway borough,alaska,02130,474.1,81,-0.6,1,True,False,False,False,False,True
jefferson county,washington,53031,474.1,346,-0.5,1,True,False,False,True,False,False
preston county,west virginia,54077,474.1,225,0.5,1,False,True,False,False,False,True
harper county,oklahoma,40059,474.1,23,-0.4,1,True,False,False,False,False,True
venango county,pennsylvania,42121,474,379,-0.3,1,True,False,False,False,False,True
putnam county,georgia,13237,473.9,168,-999,1,True,False,True,False,False,False
winn parish,louisiana,22127,473.9,89,-0.6,1,True,False,False,False,False,True
simpson county,kentucky,21213,473.8,115,-1.9,1,True,False,False,True,False,False
nobles county,minnesota,27105,473.8,129,0,1,True,False,False,False,False,True
cape girardeau county,missouri,29031,473.8,464,0.4,1,False,True,False,False,False,True
uvalde county,texas,48463,473.7,132,3,1,True,False,False,False,True,False
red river county,texas,48387,473.7,92,-0.5,1,True,False,False,False,False,True
brown county,wisconsin,55009,473.7,1473,-0.2,1,False,True,False,False,False,True
alcona county,michigan,26001,473.7,101,-1.1,1,True,False,False,False,False,True
middlesex county,connecticut,09007,473.7,1152,-0.5,1,False,True,False,True,False,False
sabine county,texas,48403,473.5,89,1.5,1,True,False,False,False,False,True
jasper county,iowa,19099,473.5,244,0,1,False,True,False,False,False,True
miami county,ohio,39109,473.5,677,0.2,1,False,True,False,False,False,True
sunflower county,mississippi,28133,473.4,141,1.3,1,True,False,False,False,True,False
ramsey county,minnesota,27123,473.3,2919,-0.2,1,False,True,False,False,False,True
liberty county,georgia,13179,473.1,245,-0.3,1,False,True,False,False,False,True
gentry county,missouri,29075,473.1,40,0.5,1,True,False,False,False,False,True
salem city,virginia,51775,473.1,161,0.5,1,False,True,False,False,False,True
garvin county,oklahoma,40049,473,154,-0.4,1,True,False,False,False,False,True
cocke county,tennessee,47029,473,257,0.4,1,True,False,False,False,False,True
rabun county,georgia,13241,473,139,0.5,1,True,False,False,False,False,True
talbot county,maryland,24041,472.8,321,-0.1,1,True,False,False,False,False,True
bradford county,florida,12007,472.8,172,-0.1,1,True,False,False,False,False,True
ware county,georgia,13299,472.8,213,0,1,True,False,False,False,False,True
new haven county,connecticut,09009,472.8,5258,0.5,1,False,True,False,False,False,True
armstrong county,pennsylvania,42005,472.8,477,0.2,1,False,True,False,False,False,True
st. marys county,maryland,24037,472.6,592,0,1,False,True,False,False,False,True
union county,tennessee,47173,472.6,127,-1.8,1,False,True,False,True,False,False
lee county,illinois,17103,472.6,232,-0.5,1,True,False,False,False,False,True
island county,washington,53029,472.6,645,-0.9,1,True,False,False,True,False,False
attala county,mississippi,28007,472.6,116,0.7,1,True,False,False,False,False,True
taylor county,florida,12123,472.5,142,0.2,1,True,False,False,False,False,True
greene county,north carolina,37079,472.5,123,0,1,True,False,False,False,False,True
liberty county,texas,48291,472.4,444,1,1,False,True,False,False,False,True
clay county,mississippi,28025,472.4,121,-0.2,1,True,False,False,False,False,True
manitowoc county,wisconsin,55071,472.2,571,0,1,True,False,False,False,False,True
lowndes county,georgia,13185,472.2,533,-0.3,1,False,True,False,False,False,True
windham county,connecticut,09015,472.2,712,0,1,False,True,False,False,False,True
hardee county,florida,12049,472,139,0.9,1,True,False,False,False,True,False
henry county,illinois,17073,472,335,-0.3,1,False,True,False,False,False,True
peach county,georgia,13225,472,162,-0.3,1,False,True,False,False,False,True
andrew county,missouri,29003,471.9,117,0.4,1,False,True,False,False,False,True
union county,south carolina,45087,471.9,184,0.2,1,False,True,False,False,False,True
otoe county,nebraska,31131,471.8,103,0.1,1,True,False,False,False,False,True
grant county,arkansas,05053,471.8,114,0.2,1,False,True,False,False,False,True
rappahannock county,virginia,51157,471.8,59,6.8,1,False,True,False,False,True,False
sagadahoc county,maine,23023,471.7,272,-1.3,1,False,True,False,True,False,False
oakland county,michigan,26125,471.7,7743,-0.9,1,False,True,False,True,False,False
sumter county,florida,12119,471.6,1729,-0.5,1,False,True,False,False,False,True
crockett county,tennessee,47033,471.6,88,1.1,1,False,True,False,False,False,True
saline county,illinois,17165,471.5,162,-0.3,1,True,False,False,False,False,True
monroe county,wisconsin,55081,471.5,281,-0.4,1,True,False,False,False,False,True
king george county,virginia,51099,471.5,137,-0.3,1,True,False,False,False,False,True
knox county,illinois,17095,471.5,341,-0.2,1,True,False,False,False,False,True
butte county,idaho,16023,471.5,18,4.7,1,False,True,False,False,True,False
union county,pennsylvania,42119,471.4,266,-0.3,1,True,False,False,False,False,True
okeechobee county,florida,12093,471.4,262,-1.9,1,True,False,False,False,False,True
wilkinson county,mississippi,28157,471.4,55,0.3,1,True,False,False,False,False,True
delaware county,iowa,19055,471.3,120,0.5,1,True,False,False,False,False,True
orange county,new york,36071,471.3,2087,-0.6,1,False,True,False,True,False,False
edmonson county,kentucky,21061,471.2,84,-0.5,1,False,True,False,False,False,True
madison parish,louisiana,22065,471.2,57,0.8,1,True,False,False,False,False,True
sandusky county,ohio,39143,471.1,381,0,1,True,False,False,False,False,True
coffee county,tennessee,47031,471.1,342,0.3,1,True,False,False,False,False,True
pocahontas county,west virginia,54075,471,63,0.3,1,True,False,False,False,False,True
kane county,utah,49025,471,56,0.5,1,True,False,False,False,False,True
fairfield county,ohio,39045,471,911,-0.1,1,False,True,False,False,False,True
roscommon county,michigan,26143,471,230,-0.6,1,True,False,False,False,False,True
hamilton county,ohio,39061,470.8,4619,-0.2,1,False,True,False,False,False,True
dallas county,missouri,29059,470.8,113,0.7,1,False,True,False,False,False,True
chatham county,north carolina,37037,470.8,573,0.1,1,False,True,False,False,False,True
pope county,minnesota,27121,470.7,83,-0.4,1,True,False,False,False,False,True
conway county,arkansas,05029,470.6,136,2.3,1,True,False,False,False,False,True
mercer county,missouri,29129,470.6,26,0.3,1,True,False,False,False,False,True
rock county,minnesota,27133,470.6,63,0.1,1,False,True,False,False,False,True
saginaw county,michigan,26145,470.6,1231,0.6,1,False,True,False,False,False,True
kennebec county,maine,23011,470.5,841,-0.8,1,True,False,False,True,False,False
richardson county,nebraska,31147,470.5,61,-0.7,1,True,False,False,False,False,True
will county,illinois,17197,470.5,3588,-0.4,1,False,True,False,True,False,False
clay county,texas,48077,470.3,75,0.2,1,False,True,False,False,False,True
claiborne county,tennessee,47025,470.3,215,-4.6,1,True,False,False,True,False,False
alpena county,michigan,26007,470.2,219,-0.7,1,True,False,False,False,False,True
stearns county,minnesota,27145,470.2,835,1,1,False,True,False,False,False,True
lake county,montana,30047,470.2,222,0,1,True,False,False,False,False,True
scott county,minnesota,27139,470.2,697,-0.2,1,False,True,False,False,False,True
clarke county,iowa,19039,470.1,58,0.5,1,True,False,False,False,False,True
bibb county,georgia,13021,470,874,-0.4,1,False,True,False,True,False,False
caldwell parish,louisiana,22021,470,60,-0.3,1,True,False,False,False,False,True
pembina county,north dakota,38067,469.9,52,1.3,1,True,False,False,False,False,True
jackson county,wisconsin,55053,469.9,138,-0.4,1,True,False,False,False,False,True
calcasieu parish,louisiana,22019,469.9,1154,-0.6,1,False,True,False,True,False,False
clark county,wisconsin,55019,469.9,200,-0.6,1,True,False,False,False,False,True
merrick county,nebraska,31121,469.8,50,-0.5,1,False,True,False,False,False,True
st. lucie county,florida,12111,469.7,2413,0.1,1,False,True,False,False,False,True
tensas parish,louisiana,22107,469.7,32,7.4,1,True,False,False,False,True,False
marshall county,mississippi,28093,469.6,218,-4.6,1,False,True,False,False,False,True
kanabec county,minnesota,27065,469.6,115,-0.2,1,True,False,False,False,False,True
rutland county,vermont,50021,469.6,451,0.5,1,True,False,False,False,False,True
georgetown county,south carolina,45043,469.5,515,-0.2,1,True,False,False,False,False,True
mcpherson county,south dakota,46089,469.5,19,1.8,1,True,False,False,False,False,True
suwannee county,florida,12121,469.5,304,0,1,True,False,False,False,False,True
potter county,texas,48375,469.3,584,-0.5,1,False,True,False,True,False,False
forsyth county,north carolina,37067,469.3,2169,-0.4,1,False,True,False,True,False,False
smith county,texas,48423,469.3,1322,0.6,1,False,True,False,False,False,True
wilkes county,georgia,13317,469.3,72,0,1,True,False,False,False,False,True
columbiana county,ohio,39029,469.3,694,-0.3,1,True,False,False,False,False,True
floyd county,georgia,13115,469.3,562,-0.2,1,False,True,False,False,False,True
johnson county,illinois,17087,469.3,88,-0.8,1,True,False,False,False,False,True
trinity county,texas,48455,469.2,108,1,1,True,False,False,False,True,False
sharkey county,mississippi,28125,469.1,25,-1.7,1,True,False,False,False,False,True
clare county,michigan,26035,469,234,-0.4,1,True,False,False,False,False,True
morris county,new jersey,34027,469,3145,-0.7,1,False,True,False,True,False,False
miller county,missouri,29131,468.9,158,0.8,1,True,False,False,False,False,True
emanuel county,georgia,13107,468.9,130,0.2,1,True,False,False,False,False,True
dyer county,tennessee,47045,468.9,224,1,1,True,False,False,False,True,False
hartford county,connecticut,09003,468.8,5372,0.6,1,False,True,False,False,False,True
carroll county,ohio,39019,468.8,188,0.1,1,False,True,False,False,False,True
roanoke city,virginia,51770,468.8,589,-0.5,1,False,True,False,False,False,True
mcclain county,oklahoma,40087,468.8,226,-0.7,1,False,True,False,False,False,True
stephens county,oklahoma,40137,468.7,283,-0.2,1,True,False,False,False,False,True
delaware county,new york,36025,468.7,339,-0.4,1,True,False,False,False,False,True
leon county,texas,48289,468.7,121,0.4,1,True,False,False,False,False,True
berkeley county,west virginia,54003,468.7,660,-0.5,1,False,True,False,False,False,True
wayne county,iowa,19185,468.7,45,-0.4,1,True,False,False,False,False,True
roger mills county,oklahoma,40129,468.6,22,0.1,1,True,False,False,False,False,True
bosque county,texas,48035,468.6,139,2.1,1,False,True,False,False,False,True
coweta county,georgia,13077,468.6,777,0.2,1,False,True,False,False,False,True
greenwood county,south carolina,45047,468.6,428,-0.1,1,True,False,False,False,False,True
charlotte county,florida,12015,468.5,1942,0.3,1,False,True,False,False,False,True
plaquemines parish,louisiana,22075,468.5,122,-0.2,1,False,True,False,False,False,True
jackson county,michigan,26075,468.4,991,-0.5,1,False,True,False,False,False,True
stone county,mississippi,28131,468.4,107,-0.9,1,False,True,False,True,False,False
burke county,georgia,13033,468.3,142,-0.1,1,False,True,False,False,False,True
wayne county,tennessee,47181,468.3,107,0.2,1,True,False,False,False,False,True
okanogan county,washington,53047,468.3,293,0.2,1,True,False,False,False,False,True
lynn county,texas,48305,468.2,32,-6.5,1,False,True,False,False,False,True
young county,texas,48503,468.2,116,-0.5,1,True,False,False,False,False,True
wood county,ohio,39173,468.1,707,0.3,1,False,True,False,False,False,True
lincoln county,montana,30053,468.1,167,0.2,1,True,False,False,False,False,True
sumner county,tennessee,47165,468.1,1107,-0.3,1,False,True,False,False,False,True
meeker county,minnesota,27093,468.1,156,0.3,1,True,False,False,False,False,True
douglas county,washington,53017,468.1,251,-0.3,1,False,True,False,False,False,True
wythe county,virginia,51197,468,198,1,1,True,False,False,False,True,False
tolland county,connecticut,09013,468,854,-0.4,1,False,True,False,True,False,False
putnam county,illinois,17155,467.9,41,-1.1,1,True,False,False,False,False,True
st. clair county,michigan,26147,467.9,1047,-0.9,1,False,True,False,True,False,False
whitfield county,georgia,13313,467.9,533,2.7,1,False,True,False,False,False,True
vernon county,wisconsin,55123,467.8,205,-0.3,1,False,True,False,False,False,True
mineral county,west virginia,54057,467.8,185,3.5,1,True,False,False,False,False,True
warren county,iowa,19181,467.8,295,0.2,1,False,True,False,False,False,True
mcintosh county,georgia,13191,467.7,95,-1.8,1,False,True,False,False,False,True
caldwell county,kentucky,21033,467.7,87,-0.6,1,True,False,False,True,False,False
borden county,texas,48033,467.6,4,-999,1,True,False,True,False,False,False
perry county,missouri,29157,467.5,122,0.3,1,True,False,False,False,False,True
chattooga county,georgia,13055,467.5,152,0.7,1,True,False,False,False,False,True
berrien county,georgia,13019,467.5,111,0.8,1,True,False,False,False,False,True
davison county,south dakota,46035,467.5,123,0.5,1,True,False,False,False,False,True
crittenden county,arkansas,05035,467.4,256,1.3,1,False,True,False,False,True,False
lincoln county,oklahoma,40081,467.4,216,1.6,1,False,True,False,False,True,False
morgan county,alabama,01103,467.3,737,-0.6,1,False,True,False,True,False,False
greenville county,south carolina,45045,467.3,2926,-0.4,1,False,True,False,True,False,False
warren county,pennsylvania,42123,467.2,288,-0.8,1,True,False,False,False,False,True
ashtabula county,ohio,39007,467.1,638,-0.9,1,False,True,False,True,False,False
robertson county,tennessee,47147,467.1,401,-3.1,1,False,True,False,True,False,False
park county,wyoming,56029,467,209,0.1,1,True,False,False,False,False,True
cherokee county,north carolina,37039,467,248,-0.1,1,True,False,False,False,False,True
warren county,ohio,39165,466.9,1309,2.1,1,False,True,False,False,False,True
henry county,iowa,19087,466.9,129,0.2,1,True,False,False,False,False,True
summit county,utah,49043,466.8,219,0.7,1,True,False,False,False,True,False
seminole county,florida,12117,466.8,2626,-0.3,1,False,True,False,False,False,True
ste. genevieve county,missouri,29186,466.8,122,1.1,1,True,False,False,False,False,True
erie county,ohio,39043,466.7,542,-0.1,1,False,True,False,False,False,True
henderson county,north carolina,37089,466.7,907,-0.4,1,False,True,False,False,False,True
johnson county,georgia,13167,466.4,60,1.5,1,True,False,False,False,True,False
greene county,alabama,01063,466.4,55,0.6,1,False,True,False,False,False,True
nelson county,north dakota,38063,466.4,26,0.4,1,True,False,False,False,False,True
clay county,alabama,01027,466.4,96,-0.5,1,True,False,False,False,False,True
payne county,oklahoma,40119,466.4,350,-0.4,1,True,False,False,False,False,True
adams county,nebraska,31001,466.4,189,-0.2,1,True,False,False,False,False,True
de witt county,illinois,17039,466.2,104,-3.4,1,True,False,False,True,False,False
gage county,nebraska,31067,466.1,151,0.2,1,True,False,False,False,False,True
aroostook county,maine,23003,466.1,513,-0.7,1,True,False,False,True,False,False
nicollet county,minnesota,27103,466.1,190,-0.2,1,False,True,False,False,False,True
haskell county,oklahoma,40061,466,75,3.7,1,True,False,False,False,False,True
snyder county,pennsylvania,42109,466,253,-0.1,1,True,False,False,False,False,True
washington county,nebraska,31177,466,128,0.2,1,False,True,False,False,False,True
shelby county,missouri,29205,466,41,-0.4,1,True,False,False,False,False,True
geauga county,ohio,39055,466,646,1.3,1,False,True,False,False,False,True
woods county,oklahoma,40151,465.9,49,0.2,1,True,False,False,False,False,True
caroline county,virginia,51033,465.8,181,-0.5,1,True,False,False,False,False,True
lawrence county,illinois,17101,465.8,95,-0.4,1,True,False,False,False,False,True
st. lawrence county,new york,36089,465.8,664,-0.9,1,True,False,False,True,False,False
orange county,texas,48361,465.8,479,-1.2,1,False,True,False,True,False,False
coffee county,georgia,13069,465.7,223,1.1,1,True,False,False,False,True,False
loudon county,tennessee,47105,465.7,430,0.2,1,False,True,False,False,False,True
jefferson parish,louisiana,22051,465.7,2623,-0.1,1,False,True,False,False,False,True
waller county,texas,48473,465.6,237,1.8,1,False,True,False,False,True,False
caribou county,idaho,16029,465.5,40,0.7,1,True,False,False,False,False,True
winneshiek county,iowa,19191,465.4,136,0.1,1,True,False,False,False,False,True
fond du lac county,wisconsin,55039,465.3,654,-0.3,1,False,True,False,False,False,True
cumberland county,tennessee,47035,465.3,517,-0.9,1,True,False,False,True,False,False
anderson county,tennessee,47001,465.3,506,-1.4,1,False,True,False,True,False,False
chelan county,washington,53007,465.3,498,-0.2,1,False,True,False,False,False,True
nolan county,texas,48353,465.3,88,-0.3,1,True,False,False,False,False,True
osceola county,iowa,19143,465.3,44,0.2,1,True,False,False,False,False,True
warren county,missouri,29219,465.3,215,0.4,1,False,True,False,False,False,True
blaine county,oklahoma,40011,465.1,58,0.3,1,True,False,False,False,False,True
richland county,north dakota,38077,465.1,99,-0.3,1,True,False,False,False,False,True
scott county,tennessee,47151,465,127,-2.6,1,True,False,False,True,False,False
cobb county,georgia,13067,465,3730,-0.2,1,False,True,False,True,False,False
colquitt county,georgia,13071,464.9,250,-0.6,1,True,False,False,False,False,True
bucks county,pennsylvania,42017,464.9,4219,-2.9,1,False,True,False,True,False,False
bergen county,new jersey,34003,464.9,5783,-0.4,1,False,True,False,False,False,True
conecuh county,alabama,01035,464.9,84,10.1,1,True,False,False,False,True,False
bacon county,georgia,13005,464.9,63,0.2,1,True,False,False,False,False,True
washburn county,wisconsin,55129,464.8,134,0.3,1,True,False,False,False,False,True
baxter county,arkansas,05005,464.7,366,-1.1,1,True,False,False,True,False,False
allegheny county,pennsylvania,42003,464.7,7884,-1.1,1,False,True,False,True,False,False
columbia county,oregon,41009,464.7,341,-0.5,1,False,True,False,False,False,True
morgan county,missouri,29141,464.7,150,-0.8,1,True,False,False,False,False,True
tyler county,texas,48457,464.7,139,0,1,True,False,False,False,False,True
polk county,north carolina,37149,464.6,169,0.8,1,True,False,False,False,False,True
reagan county,texas,48383,464.5,14,1.5,1,True,False,False,False,False,True
clay county,tennessee,47027,464.5,58,0,1,True,False,False,False,False,True
fulton county,georgia,13121,464.5,4943,-0.1,1,False,True,False,False,False,True
hand county,south dakota,46059,464.5,23,1.9,1,True,False,False,False,False,True
suffolk city,virginia,51800,464.4,507,0.3,1,False,True,False,False,False,True
york county,pennsylvania,42133,464.4,2765,-0.6,1,False,True,False,True,False,False
lafourche parish,louisiana,22057,464.4,551,-1.9,1,False,True,False,True,False,False
union county,ohio,39159,464.4,305,-0.1,1,False,True,False,False,False,True
union county,arkansas,05139,464.3,246,0.2,1,True,False,False,False,False,True
king and queen county,virginia,51097,464.1,49,0.7,1,False,True,False,False,False,True
hancock county,illinois,17067,464.1,127,-0.2,1,True,False,False,False,False,True
pike county,alabama,01109,464.1,167,0.8,1,True,False,False,False,False,True
zavala county,texas,48507,463.9,48,4.1,1,True,False,False,False,True,False
santa cruz county,california,06087,463.9,1550,3,1,False,True,False,False,True,False
fayette county,iowa,19065,463.8,138,0,1,True,False,False,False,False,True
gasconade county,missouri,29073,463.8,109,-1.2,1,True,False,False,True,False,False
jasper county,mississippi,28061,463.8,106,0.1,1,True,False,False,False,False,True
canyon county,idaho,16027,463.7,1114,-0.4,1,False,True,False,False,False,True
beaufort county,north carolina,37013,463.7,337,3.4,1,True,False,False,False,True,False
prentiss county,mississippi,28117,463.6,149,-5.2,1,True,False,False,True,False,False
jackson county,arkansas,05067,463.6,101,-0.4,1,True,False,False,False,False,True
burleigh county,north dakota,38015,463.6,546,0,1,False,True,False,False,False,True
haskell county,texas,48207,463.5,36,0.5,1,True,False,False,False,False,True
kaufman county,texas,48257,463.5,632,-0.3,1,False,True,False,False,False,True
warren county,kentucky,21227,463.5,627,-0.6,1,False,True,False,False,False,True
southampton county,virginia,51175,463.5,131,0.8,1,True,False,False,False,False,True
valley county,montana,30105,463.4,54,-0.4,1,True,False,False,False,False,True
platte county,nebraska,31141,463.3,196,-0.4,1,True,False,False,False,False,True
van zandt county,texas,48467,463.3,387,0.3,1,True,False,False,False,False,True
monroe county,west virginia,54063,463.3,90,0.4,1,True,False,False,False,False,True
hutchinson county,texas,48233,463.2,120,-0.2,1,True,False,False,False,False,True
monongalia county,west virginia,54061,463.1,480,-0.2,1,False,True,False,False,False,True
milam county,texas,48331,463.1,165,0,1,True,False,False,False,False,True
garland county,arkansas,05051,463,722,0.2,1,False,True,False,False,False,True
litchfield county,connecticut,09005,462.9,1305,-0.7,1,True,False,False,True,False,False
clayton county,georgia,13063,462.8,1206,0.2,1,False,True,False,False,False,True
shannon county,missouri,29203,462.8,51,0.5,1,True,False,False,False,False,True
macon county,georgia,13193,462.8,75,-0.6,1,True,False,False,False,False,True
hart county,georgia,13147,462.8,177,0.3,1,True,False,False,False,False,True
newton county,texas,48351,462.8,88,1.7,1,True,False,False,False,True,False
lee county,north carolina,37105,462.7,361,-0.5,1,True,False,False,False,False,True
butler county,ohio,39017,462.7,2077,-0.2,1,False,True,False,False,False,True
gillespie county,texas,48171,462.5,218,3.1,1,True,False,False,False,True,False
mecklenburg county,north carolina,37119,462.4,4949,-0.2,1,False,True,False,False,False,True
hardin county,texas,48199,462.4,322,-0.9,1,False,True,False,True,False,False
dixon county,nebraska,31051,462.4,36,-0.4,1,True,False,False,False,False,True
hamblen county,tennessee,47063,462.3,388,0.1,1,False,True,False,False,False,True
tulsa county,oklahoma,40143,462.2,3422,-0.1,1,False,True,False,False,False,True
webster county,mississippi,28155,462.2,62,-0.9,1,True,False,False,False,False,True
crook county,oregon,41013,462.1,180,-7.5,1,False,True,False,False,False,True
wabash county,illinois,17185,462,78,-0.5,1,True,False,False,False,False,True
dutchess county,new york,36027,462,1848,-0.5,1,False,True,False,True,False,False
miner county,south dakota,46097,462,15,-0.3,1,True,False,False,False,False,True
lyon county,nevada,32019,462,388,1,1,False,True,False,False,False,True
grayson county,texas,48181,461.9,810,-0.4,1,False,True,False,True,False,False
summit county,ohio,39153,461.9,3299,0.5,1,False,True,False,False,False,True
oxford county,maine,23017,461.8,422,-0.4,1,True,False,False,False,False,True
lauderdale county,tennessee,47097,461.7,144,-0.5,1,True,False,False,False,False,True
lawrence county,pennsylvania,42073,461.6,601,-0.6,1,False,True,False,False,False,True
pittsburg county,oklahoma,40121,461.6,279,1.7,1,True,False,False,False,False,True
craig county,virginia,51045,461.6,36,1.3,1,False,True,False,False,False,True
pushmataha county,oklahoma,40127,461.5,76,3.7,1,True,False,False,False,False,True
st. helena parish,louisiana,22091,461.4,71,0.4,1,False,True,False,False,False,True
shasta county,california,06089,461.4,1206,-0.5,1,False,True,False,True,False,False
hill county,montana,30041,461.3,85,-1.1,1,True,False,False,True,False,False
cass county,illinois,17017,461.3,79,0.1,1,True,False,False,False,False,True
martin county,florida,12085,461.3,1409,-1.8,1,False,True,False,False,False,True
washington county,alabama,01129,461.3,98,0,1,True,False,False,False,False,True
talladega county,alabama,01121,461.2,494,-0.5,1,True,False,False,False,False,True
chester county,south carolina,45023,461.2,203,-3.3,1,False,True,False,True,False,False
henderson county,tennessee,47077,461.2,173,-1.2,1,True,False,False,False,False,True
york county,nebraska,31185,461.2,89,0,1,True,False,False,False,False,True
madison county,nebraska,31119,461.1,198,-0.1,1,True,False,False,False,False,True
sussex county,delaware,10005,461.1,1903,-1.2,1,True,False,False,True,False,False
butler county,alabama,01013,460.9,122,0.6,1,True,False,False,False,False,True
dallas county,arkansas,05039,460.8,49,0.3,1,True,False,False,False,False,True
roane county,tennessee,47145,460.7,391,-0.9,1,False,True,False,True,False,False
ward county,north dakota,38101,460.7,328,-0.6,1,False,True,False,False,False,True
bertie county,north carolina,37015,460.7,128,0.5,1,True,False,False,False,False,True
harlan county,nebraska,31083,460.6,25,-1.6,1,True,False,False,False,False,True
hamilton county,tennessee,47065,460.6,2164,-0.8,1,False,True,False,True,False,False
lowndes county,mississippi,28087,460.5,332,0.5,1,True,False,False,False,False,True
union county,illinois,17181,460.5,123,-2.3,1,True,False,False,False,False,True
culpeper county,virginia,51047,460.3,292,-0.7,1,False,True,False,False,False,True
winnebago county,wisconsin,55139,460.3,965,-0.4,1,False,True,False,False,False,True
whiteside county,illinois,17195,460.1,380,-0.3,1,True,False,False,False,False,True
midland county,michigan,26111,460.1,519,-1,1,False,True,False,False,False,True
henry county,missouri,29083,460.1,150,-0.3,1,True,False,False,False,False,True
spotsylvania county,virginia,51177,460,724,-0.8,1,False,True,False,True,False,False
benzie county,michigan,26019,460,145,-0.7,1,False,True,False,False,False,True
guthrie county,iowa,19077,460,74,-0.2,1,False,True,False,False,False,True
reynolds county,missouri,29179,459.9,46,0.1,1,True,False,False,False,False,True
grainger county,tennessee,47057,459.9,159,-0.6,1,False,True,False,False,False,True
steele county,minnesota,27147,459.9,223,0.1,1,True,False,False,False,False,True
crawford county,pennsylvania,42039,459.8,570,-0.6,1,True,False,False,False,False,True
yadkin county,north carolina,37197,459.8,246,0.2,1,False,True,False,False,False,True
rockland county,new york,36087,459.8,1777,-1.3,1,False,True,False,True,False,False
bladen county,north carolina,37017,459.7,211,0.5,1,True,False,False,False,False,True
callaway county,missouri,29027,459.6,260,-0.3,1,False,True,False,False,False,True
josephine county,oregon,41033,459.6,679,-0.5,1,False,True,False,False,False,True
tom green county,texas,48451,459.6,629,0,1,False,True,False,False,False,True
waseca county,minnesota,27161,459.5,114,0.2,1,True,False,False,False,False,True
hancock county,iowa,19081,459.5,76,-0.7,1,True,False,False,False,False,True
autauga county,alabama,01001,459.5,324,0.1,1,False,True,False,False,False,True
nuckolls county,nebraska,31129,459.5,34,-0.8,1,True,False,False,False,False,True
ozark county,missouri,29153,459.4,71,0.3,1,True,False,False,False,False,True
van buren county,iowa,19177,459.2,51,0.2,1,True,False,False,False,False,True
mercer county,pennsylvania,42085,459.2,770,-1.2,1,True,False,False,True,False,False
orange county,north carolina,37135,459.2,744,-0.4,1,False,True,False,False,False,True
limestone county,texas,48293,459.1,141,-0.2,1,True,False,False,False,False,True
tate county,mississippi,28137,459,160,-0.5,1,False,True,False,False,False,True
boone county,arkansas,05009,458.9,244,-0.2,1,True,False,False,False,False,True
somervell county,texas,48425,458.9,58,0.9,1,True,False,False,False,False,True
fairfield county,connecticut,09001,458.9,5384,0.2,1,False,True,False,False,False,True
copiah county,mississippi,28029,458.9,170,-1.8,1,False,True,False,True,False,False
glynn county,georgia,13127,458.9,565,-0.5,1,False,True,False,False,False,True
comanche county,oklahoma,40031,458.8,569,0.2,1,False,True,False,False,False,True
lafayette county,missouri,29107,458.8,205,0.4,1,False,True,False,False,False,True
lake county,illinois,17097,458.8,3772,2.3,1,False,True,False,False,False,True
tuscarawas county,ohio,39157,458.8,582,0.1,1,True,False,False,False,False,True
coles county,illinois,17029,458.8,272,-0.8,1,True,False,False,True,False,False
carroll county,new hampshire,33003,458.7,427,-0.9,1,True,False,False,True,False,False
hennepin county,minnesota,27053,458.7,6537,-0.3,1,False,True,False,False,False,True
ballard county,kentucky,21007,458.7,53,-0.6,1,False,True,False,False,False,True
jones county,mississippi,28067,458.7,385,0,1,True,False,False,False,False,True
harrison county,texas,48203,458.7,396,-0.6,1,False,True,False,False,False,True
screven county,georgia,13251,458.6,93,0.3,1,True,False,False,False,False,True
pickens county,south carolina,45077,458.6,712,-3,1,False,True,False,True,False,False
iron county,wisconsin,55051,458.6,56,-0.5,1,True,False,False,False,False,True
davis county,iowa,19051,458.6,52,0.2,1,True,False,False,False,False,True
berkshire county,massachusetts,25003,458.4,949,0.5,1,False,True,False,False,False,True
st. louis county,missouri,29189,458.4,6035,-0.6,1,False,True,False,True,False,False
audrain county,missouri,29007,458.4,151,-7.9,1,True,False,False,True,False,False
durham county,north carolina,37063,458.3,1559,-0.6,1,False,True,False,True,False,False
lamar county,mississippi,28073,458.3,320,1.3,1,False,True,False,False,False,True
st. john the baptist parish,louisiana,22095,458.2,227,-0.5,1,False,True,False,False,False,True
bonner county,idaho,16017,458.2,346,-1,1,True,False,False,True,False,False
custer county,montana,30017,458.2,75,-1.3,1,True,False,False,True,False,False
champaign county,illinois,17019,458.1,939,0.9,1,False,True,False,False,True,False
saline county,arkansas,05125,458.1,719,-0.3,1,False,True,False,False,False,True
greene county,ohio,39057,458,967,-0.1,1,False,True,False,False,False,True
kingfisher county,oklahoma,40073,458,84,-0.3,1,True,False,False,False,False,True
linn county,missouri,29115,457.9,80,0.1,1,True,False,False,False,False,True
crawford county,ohio,39033,457.9,278,-0.5,1,True,False,False,False,False,True
schleicher county,texas,48413,457.8,15,0.5,1,True,False,False,False,False,True
kootenai county,idaho,16055,457.8,1040,-0.7,1,False,True,False,True,False,False
phillips county,arkansas,05107,457.7,107,0.5,1,True,False,False,False,False,True
monroe county,illinois,17133,457.6,213,-0.3,1,False,True,False,False,False,True
grand forks county,north dakota,38035,457.6,330,-0.5,1,False,True,False,False,False,True
wake county,north carolina,37183,457.5,5126,-0.6,1,False,True,False,True,False,False
bedford county,tennessee,47003,457.5,266,-0.2,1,True,False,False,False,False,True
mower county,minnesota,27099,457.5,236,-0.8,1,True,False,False,True,False,False
blue earth county,minnesota,27013,457.4,324,0,1,False,True,False,False,False,True
howell county,missouri,29091,457.4,247,-0.4,1,True,False,False,False,False,True
anne arundel county,maryland,24003,457.4,3173,-0.5,1,False,True,False,True,False,False
multnomah county,oregon,41051,457.4,4034,-0.4,1,False,True,False,True,False,False
buncombe county,north carolina,37021,457.3,1720,-0.4,1,False,True,False,False,False,True
noble county,oklahoma,40103,457.2,71,0.2,1,True,False,False,False,False,True
dekalb county,tennessee,47041,457.2,127,-0.2,1,True,False,False,False,False,True
worcester county,massachusetts,25027,457.1,4854,-2,1,False,True,False,True,False,False
lafayette county,arkansas,05073,457.1,48,0.4,1,True,False,False,False,False,True
winnebago county,illinois,17201,457.1,1672,-0.3,1,False,True,False,False,False,True
phelps county,missouri,29161,457.1,244,0.8,1,True,False,False,False,False,True
grand traverse county,michigan,26055,457.1,615,-0.7,1,False,True,False,True,False,False
washington county,georgia,13303,457.1,123,-999,1,True,False,True,False,False,False
hyde county,south dakota,46069,457.1,10,-13.3,1,True,False,False,True,False,False
sheboygan county,wisconsin,55117,457,725,-0.6,1,False,True,False,False,False,True
orleans county,vermont,50019,457,187,-0.4,1,True,False,False,False,False,True
obion county,tennessee,47131,456.9,201,-0.1,1,True,False,False,False,False,True
shelby county,iowa,19165,456.9,84,0.7,1,True,False,False,False,True,False
angelina county,texas,48005,456.9,478,-1.1,1,True,False,False,True,False,False
massac county,illinois,17127,456.8,95,-0.2,1,False,True,False,False,False,True
ector county,texas,48135,456.8,619,1.5,1,False,True,False,False,False,True
mercer county,west virginia,54055,456.8,402,-1.4,1,True,False,False,True,False,False
big horn county,montana,30003,456.7,61,0.3,1,True,False,False,False,False,True
daggett county,utah,49009,456.7,7,-999,1,True,False,True,False,False,False
victoria county,texas,48469,456.7,490,-0.7,1,False,True,False,True,False,False
fayette county,tennessee,47047,456.6,287,-0.7,1,False,True,False,False,False,True
coleman county,texas,48083,456.5,62,-0.2,1,True,False,False,False,False,True
rogers county,oklahoma,40131,456.4,531,0.1,1,False,True,False,False,False,True
lake county,south dakota,46079,456.4,72,-1.4,1,True,False,False,False,False,True
wilson county,north carolina,37195,456.4,480,-0.3,1,True,False,False,False,False,True
kimble county,texas,48267,456.4,33,0,1,True,False,False,False,False,True
rusk county,texas,48401,456.4,302,0.3,1,False,True,False,False,False,True
elk county,pennsylvania,42047,456.4,219,-2,1,True,False,False,True,False,False
bedford county,pennsylvania,42009,456.3,335,-0.4,1,True,False,False,False,False,True
hillsborough county,new hampshire,33011,456.3,2397,-0.8,1,False,True,False,True,False,False
westchester county,new york,36119,456.3,5867,-0.9,1,False,True,False,True,False,False
bradley county,arkansas,05011,456.2,66,1.2,1,True,False,False,False,False,True
murray county,minnesota,27101,456.1,63,0.2,1,True,False,False,False,False,True
dent county,missouri,29065,456.1,99,-0.3,1,True,False,False,False,False,True
lucas county,iowa,19117,456.1,59,-0.3,1,True,False,False,False,False,True
franklin county,ohio,39049,455.9,6011,-0.4,1,False,True,False,True,False,False
ashland county,wisconsin,55003,455.8,104,-1.5,1,True,False,False,False,False,True
portage county,ohio,39133,455.8,923,0,1,False,True,False,False,False,True
saunders county,nebraska,31155,455.8,134,0.2,1,False,True,False,False,False,True
san luis obispo county,california,06079,455.6,1792,1.2,1,False,True,False,False,False,True
teton county,montana,30099,455.6,43,-0.5,1,True,False,False,False,False,True
pitt county,north carolina,37147,455.6,816,0.8,1,False,True,False,False,False,True
crawford county,iowa,19047,455.5,97,0,1,True,False,False,False,False,True
barton county,missouri,29011,455.3,73,0.6,1,True,False,False,False,False,True
brooke county,west virginia,54009,455.3,167,-0.3,1,False,True,False,False,False,True
gonzales county,texas,48177,455.3,108,3.3,1,True,False,False,False,False,True
lincoln county,south dakota,46083,455,297,6.7,1,False,True,False,False,True,False
norfolk city,virginia,51710,455,1060,-0.3,1,False,True,False,False,False,True
ulster county,new york,36111,454.8,1185,-0.8,1,False,True,False,True,False,False
oconee county,south carolina,45073,454.8,559,-0.7,1,True,False,False,True,False,False
sebastian county,arkansas,05131,454.7,704,0.4,1,False,True,False,False,False,True
carroll county,iowa,19027,454.7,135,-0.1,1,True,False,False,False,False,True
charlotte county,virginia,51037,454.6,82,0.6,1,True,False,False,False,False,True
grundy county,missouri,29079,454.6,63,-0.2,1,True,False,False,False,False,True
washington county,maryland,24043,454.6,911,-0.4,1,False,True,False,False,False,True
mclennan county,texas,48309,454.5,1282,1.3,1,False,True,False,False,False,True
stark county,ohio,39151,454.5,2345,-0.3,1,False,True,False,False,False,True
galveston county,texas,48167,454.5,1818,3.3,1,False,True,False,False,True,False
winnebago county,iowa,19189,454.4,70,0.7,1,True,False,False,False,False,True
hunt county,texas,48231,454.4,547,-0.3,1,False,True,False,False,False,True
washington county,oklahoma,40147,454.3,320,-0.5,1,True,False,False,False,False,True
sumter county,alabama,01119,454.3,70,-7.2,1,True,False,False,False,False,True
norfolk county,massachusetts,25021,454.3,4198,-1.3,1,False,True,False,True,False,False
richland county,illinois,17159,454.3,105,-0.2,1,True,False,False,False,False,True
arenac county,michigan,26011,454.2,115,-0.7,1,True,False,False,False,False,True
henrico county,virginia,51087,454.2,1826,0.9,1,False,True,False,False,False,True
custer county,nebraska,31041,454.2,71,-0.3,1,True,False,False,False,False,True
newton county,mississippi,28101,454.1,118,0,1,True,False,False,False,False,True
montgomery county,north carolina,37123,454.1,172,0.3,1,True,False,False,False,False,True
polk county,nebraska,31143,454,34,-0.2,1,True,False,False,False,False,True
desoto county,florida,12027,454,226,0.6,1,True,False,False,False,False,True
evans county,georgia,13109,453.9,60,-0.4,1,True,False,False,False,False,True
hale county,alabama,01065,453.9,94,6.4,1,False,True,False,False,True,False
york county,south carolina,45091,453.9,1431,-0.8,1,False,True,False,True,False,False
wright county,missouri,29229,453.9,114,-5.7,1,True,False,False,True,False,False
bristol county,massachusetts,25005,453.8,3357,-5.3,1,False,True,False,True,False,False
manatee county,florida,12081,453.8,3101,-0.9,1,False,True,False,True,False,False
etowah county,alabama,01055,453.8,640,-0.1,1,False,True,False,False,False,True
trempealeau county,wisconsin,55121,453.8,186,0.1,1,True,False,False,False,False,True
potter county,pennsylvania,42105,453.7,118,-0.2,1,True,False,False,False,False,True
jefferson county,west virginia,54037,453.7,335,0.1,1,False,True,False,False,False,True
isle of wight county,virginia,51093,453.7,244,-0.5,1,False,True,False,False,False,True
fayette county,pennsylvania,42051,453.7,873,-4.8,1,False,True,False,True,False,False
st. francis county,arkansas,05123,453.7,134,3.8,1,True,False,False,False,False,True
caledonia county,vermont,50005,453.6,199,-1.2,1,True,False,False,True,False,False
gratiot county,michigan,26057,453.6,240,-0.2,1,True,False,False,False,False,True
hettinger county,north dakota,38041,453.5,18,0.9,1,True,False,False,False,False,True
tippah county,mississippi,28139,453.4,125,1.2,1,True,False,False,False,False,True
henderson county,kentucky,21101,453.4,270,-8.4,1,True,False,False,True,False,False
gallatin county,illinois,17059,453.4,35,-1.5,1,True,False,False,True,False,False
grimes county,texas,48185,453.3,173,0.9,1,True,False,False,False,True,False
mcdonough county,illinois,17109,453.3,157,-6,1,True,False,False,True,False,False
knox county,tennessee,47093,453.2,2564,-0.9,1,False,True,False,True,False,False
douglas county,wisconsin,55031,453.1,274,-1.2,1,False,True,False,True,False,False
pontotoc county,oklahoma,40123,453.1,212,-0.7,1,True,False,False,False,False,True
story county,iowa,19169,453.1,402,0,1,False,True,False,False,False,True
gloucester county,virginia,51073,453.1,255,-2.8,1,False,True,False,True,False,False
ada county,idaho,16001,453.1,2490,-0.8,1,False,True,False,True,False,False
jefferson county,iowa,19101,453,113,0.1,1,True,False,False,False,False,True
moniteau county,missouri,29135,453,85,0.3,1,False,True,False,False,False,True
carson city,nevada,32510,453,377,-0.5,1,False,True,False,False,False,True
delaware county,ohio,39041,452.9,1063,-0.6,1,False,True,False,True,False,False
susquehanna county,pennsylvania,42115,452.9,284,-2.5,1,True,False,False,True,False,False
mcleod county,minnesota,27085,452.8,230,-0.1,1,True,False,False,False,False,True
carroll county,mississippi,28015,452.7,72,0.7,1,True,False,False,False,False,True
taylor county,texas,48441,452.7,684,0.4,1,False,True,False,False,False,True
augusta county,virginia,51015,452.7,520,-4.5,1,False,True,False,True,False,False
briscoe county,texas,48045,452.7,11,1,1,True,False,False,False,False,True
poweshiek county,iowa,19157,452.7,120,0.1,1,True,False,False,False,False,True
howard county,nebraska,31093,452.7,43,-1.6,1,False,True,False,True,False,False
allen county,ohio,39003,452.6,603,0,1,False,True,False,False,False,True
androscoggin county,maine,23001,452.6,663,-1,1,False,True,False,True,False,False
clearwater county,idaho,16035,452.5,73,-0.1,1,True,False,False,False,False,True
orangeburg county,south carolina,45075,452.5,530,-0.6,1,True,False,False,False,False,True
buffalo county,nebraska,31019,452.4,247,-5.8,1,True,False,False,True,False,False
noxubee county,mississippi,28103,452.4,57,0.2,1,True,False,False,False,False,True
jefferson county,wisconsin,55055,452.3,499,-0.3,1,True,False,False,False,False,True
santa barbara county,california,06083,452.3,2292,2.5,1,False,True,False,False,False,True
mcintosh county,oklahoma,40091,452.3,142,-0.7,1,True,False,False,False,False,True
wilson county,tennessee,47189,452.2,798,-0.4,1,False,True,False,False,False,True
houston county,minnesota,27055,452.2,127,-0.6,1,False,True,False,False,False,True
stanley county,south dakota,46117,452.2,19,-1.7,1,True,False,False,False,False,True
franklin county,maine,23007,452.2,208,-0.9,1,True,False,False,False,False,True
lamar county,alabama,01075,452.1,91,0.5,1,True,False,False,False,False,True
todd county,kentucky,21219,452.1,67,-5.9,1,True,False,False,False,False,True
menifee county,kentucky,21165,452.1,43,-2.8,1,True,False,False,True,False,False
faulkner county,arkansas,05045,452.1,572,-0.2,1,False,True,False,False,False,True
oscoda county,michigan,26135,452,66,-0.2,1,True,False,False,False,False,True
new castle county,delaware,10003,451.9,3132,-0.8,1,False,True,False,True,False,False
catawba county,north carolina,37035,451.9,957,-3.4,1,False,True,False,True,False,False
saline county,missouri,29195,451.8,133,1,1,True,False,False,False,False,True
jefferson county,pennsylvania,42065,451.8,293,-5.2,1,True,False,False,True,False,False
franklin county,tennessee,47051,451.7,269,-0.4,1,True,False,False,False,False,True
st. charles county,missouri,29183,451.6,2191,-0.8,1,False,True,False,True,False,False
harris county,georgia,13145,451.6,212,0.4,1,False,True,False,False,False,True
pulaski county,georgia,13235,451.5,66,4.5,1,True,False,False,False,True,False
anchorage borough,alaska,02020,451.5,1291,0.4,1,False,True,False,False,False,True
yoakum county,texas,48501,451.5,34,0,1,True,False,False,False,False,True
oglala lakota,south dakota,46102,451.4,44,-1.4,1,True,False,False,False,False,True
marion county,south carolina,45067,451.4,187,0,1,True,False,False,False,False,True
botetourt county,virginia,51023,451.4,241,0.4,1,False,True,False,False,False,True
adams county,iowa,19003,451.4,27,0.9,1,True,False,False,False,True,False
sanilac county,michigan,26151,451.4,276,-0.1,1,True,False,False,False,False,True
leon county,florida,12073,451.3,1345,3.2,1,False,True,False,False,True,False
franklin county,virginia,51067,451.3,388,0.2,1,False,True,False,False,False,True
bolivar county,mississippi,28011,451.2,172,-10.8,1,True,False,False,True,False,False
beaver county,utah,49001,451.2,32,0.6,1,True,False,False,False,False,True
osceola county,florida,12097,451.1,1810,-2,1,False,True,False,True,False,False
ellis county,texas,48139,451.1,886,-0.3,1,False,True,False,False,False,True
benton county,missouri,29015,450.9,167,-1,1,True,False,False,False,False,True
waupaca county,wisconsin,55135,450.7,349,-0.5,1,True,False,False,False,False,True
king william county,virginia,51101,450.7,99,-0.7,1,False,True,False,False,False,True
potter county,south dakota,46107,450.6,17,0.4,1,True,False,False,False,False,True
hardeman county,texas,48197,450.4,24,-0.1,1,True,False,False,False,False,True
somerset county,new jersey,34035,450.3,1956,-0.7,1,False,True,False,True,False,False
dorchester county,south carolina,45035,450.3,812,-1,1,False,True,False,True,False,False
clarendon county,south carolina,45027,450.3,225,0.3,1,True,False,False,False,False,True
bonneville county,idaho,16019,450.1,554,0.2,1,False,True,False,False,False,True
rutherford county,tennessee,47149,450,1409,-0.1,1,False,True,False,False,False,True
calhoun county,arkansas,05013,449.9,33,1.6,1,True,False,False,False,False,True
scott county,mississippi,28123,449.8,150,-1.7,1,False,True,False,True,False,False
bledsoe county,tennessee,47007,449.8,98,-0.8,1,True,False,False,False,False,True
freestone county,texas,48161,449.7,124,0.1,1,True,False,False,False,False,True
crawford county,illinois,17033,449.5,119,-3,1,True,False,False,True,False,False
montgomery county,tennessee,47125,449.5,805,-0.3,1,False,True,False,False,False,True
fayette county,georgia,13113,449.4,722,-0.4,1,False,True,False,False,False,True
carbon county,utah,49007,449.4,111,0.1,1,True,False,False,False,False,True
laramie county,wyoming,56021,449.4,543,1,1,False,True,False,False,False,True
portsmouth city,virginia,51740,449.3,499,-0.3,1,False,True,False,False,False,True
upson county,georgia,13293,449.3,170,0.1,1,True,False,False,False,False,True
glascock county,georgia,13125,449.2,16,-999,1,True,False,True,False,False,False
coryell county,texas,48099,449.2,318,-0.7,1,False,True,False,True,False,False
grant county,wisconsin,55043,449.1,290,-0.2,1,True,False,False,False,False,True
washington county,tennessee,47179,449.1,780,0.2,1,False,True,False,False,False,True
seminole county,oklahoma,40133,449.1,141,-0.7,1,True,False,False,True,False,False
independence county,arkansas,05063,449,215,-0.2,1,True,False,False,False,False,True
putnam county,tennessee,47141,449,419,-0.6,1,True,False,False,False,False,True
dauphin county,pennsylvania,42043,449,1614,-0.3,1,False,True,False,False,False,True
chittenden county,vermont,50007,448.8,875,-0.6,1,False,True,False,True,False,False
pope county,arkansas,05115,448.8,340,-0.4,1,True,False,False,False,False,True
philadelphia county,pennsylvania,42101,448.7,7762,-4.6,1,False,True,False,True,False,False
lafayette county,florida,12067,448.7,45,1.1,1,True,False,False,False,False,True
gwinnett county,georgia,13135,448.7,4001,0,1,False,True,False,False,False,True
tehama county,california,06103,448.6,405,-0.7,1,True,False,False,True,False,False
webster county,kentucky,21233,448.6,76,-0.4,1,True,False,False,False,False,True
alcorn county,mississippi,28003,448.5,208,-4,1,True,False,False,True,False,False
freeborn county,minnesota,27047,448.5,208,0.2,1,True,False,False,False,False,True
lapeer county,michigan,26087,448.5,554,-1.9,1,False,True,False,True,False,False
boone county,missouri,29019,448.5,798,-0.5,1,False,True,False,True,False,False
wexford county,michigan,26165,448.4,210,-7.3,1,True,False,False,True,False,False
hamilton county,texas,48193,448.4,59,0.1,1,True,False,False,False,False,True
middlesex county,virginia,51119,448.3,95,-1.3,1,True,False,False,True,False,False
chesapeake city,virginia,51550,448.3,1225,-0.2,1,False,True,False,False,False,True
cuming county,nebraska,31039,448.3,57,-0.2,1,True,False,False,False,False,True
mcnairy county,tennessee,47109,448.3,164,0.1,1,True,False,False,False,False,True
polk county,tennessee,47139,448.3,115,-3,1,False,True,False,True,False,False
laurens county,south carolina,45059,448.2,405,-5,1,False,True,False,True,False,False
bristol county,rhode island,44001,448.2,325,-0.6,1,False,True,False,False,False,True
door county,wisconsin,55029,448.2,251,-0.9,1,True,False,False,True,False,False
titus county,texas,48449,448.2,154,-0.2,1,True,False,False,False,False,True
spartanburg county,south carolina,45083,448.2,1769,-0.6,1,False,True,False,True,False,False
florence county,south carolina,45041,448.1,782,-1.4,1,False,True,False,True,False,False
richmond city,virginia,51760,448,1083,-1.2,1,False,True,False,True,False,False
union county,new jersey,34039,448,2960,1.4,1,False,True,False,False,False,True
washington county,vermont,50023,448,381,0.8,1,True,False,False,False,False,True
dupage county,illinois,17043,447.9,5105,-0.5,1,False,True,False,True,False,False
shawano county,wisconsin,55115,447.8,269,-0.1,1,True,False,False,False,False,True
louisa county,virginia,51109,447.8,242,-1.2,1,True,False,False,False,False,True
fluvanna county,virginia,51065,447.8,171,-1,1,False,True,False,True,False,False
hickman county,kentucky,21105,447.7,32,0,1,True,False,False,False,False,True
montgomery county,alabama,01101,447.7,1198,0.3,1,False,True,False,False,False,True
wheeler county,texas,48483,447.6,32,0,1,True,False,False,False,False,True
washita county,oklahoma,40149,447.6,63,-0.7,1,True,False,False,False,False,True
barron county,wisconsin,55005,447.6,318,0.6,1,True,False,False,False,False,True
gem county,idaho,16045,447.5,129,-3,1,False,True,False,False,False,True
renville county,north dakota,38075,447.5,15,1.2,1,False,True,False,False,False,True
rockdale county,georgia,13247,447.5,488,0.2,1,False,True,False,False,False,True
early county,georgia,13099,447.5,64,0.8,1,True,False,False,False,False,True
barnstable county,massachusetts,25001,447.4,1982,-1.4,1,False,True,False,True,False,False
grafton county,new hampshire,33009,447.3,596,-0.8,1,True,False,False,True,False,False
yuba county,california,06115,447.3,362,-0.5,1,False,True,False,False,False,True
la crosse county,wisconsin,55063,447.3,652,-0.8,1,False,True,False,True,False,False
fulton county,arkansas,05049,447.2,90,0.2,1,True,False,False,False,False,True
columbia county,wisconsin,55021,447.2,359,-0.5,1,False,True,False,False,False,True
lavaca county,texas,48285,447.2,139,-0.5,1,True,False,False,False,False,True
alachua county,florida,12001,447.1,1297,-0.8,1,False,True,False,True,False,False
kerr county,texas,48265,447.1,399,1.9,1,True,False,False,False,True,False
passaic county,new jersey,34031,447.1,2687,0.5,1,False,True,False,False,False,True
marathon county,wisconsin,55073,447,812,-1.6,1,False,True,False,True,False,False
liberty county,florida,12077,447,42,-0.1,1,True,False,False,False,False,True
kenai peninsula borough,alaska,02122,446.9,345,-0.9,1,True,False,False,True,False,False
barnes county,north dakota,38003,446.9,73,-1.3,1,True,False,False,True,False,False
virginia beach city,virginia,51810,446.8,2316,-2.6,1,False,True,False,True,False,False
juab county,utah,49023,446.8,47,0.7,1,False,True,False,False,False,True
marengo county,alabama,01091,446.8,116,0.5,1,True,False,False,False,False,True
sequatchie county,tennessee,47153,446.8,101,-0.9,1,False,True,False,False,False,True
tompkins county,new york,36109,446.7,508,2,1,False,True,False,False,False,True
desoto county,mississippi,28033,446.6,871,-3.8,1,False,True,False,True,False,False
grady county,oklahoma,40051,446.6,307,0.1,1,False,True,False,False,False,True
rusk county,wisconsin,55107,446.6,105,-0.1,1,True,False,False,False,False,True
amherst county,virginia,51009,446.5,209,-0.6,1,False,True,False,False,False,True
eaton county,michigan,26045,446.5,659,-0.9,1,False,True,False,True,False,False
hancock county,georgia,13141,446.4,62,-999,1,True,False,True,False,False,False
mcdowell county,west virginia,54047,446.4,131,-0.8,1,True,False,False,False,False,True
leelanau county,michigan,26089,446.3,189,-1.1,1,False,True,False,True,False,False
adair county,oklahoma,40001,446.3,105,0.2,1,True,False,False,False,False,True
carter county,montana,30011,446.3,11,2.2,1,True,False,False,False,False,True
floyd county,virginia,51063,446.1,105,0.3,1,False,True,False,False,False,True
mccormick county,south carolina,45065,446.1,90,-0.3,1,True,False,False,False,False,True
edgar county,illinois,17045,446.1,113,-0.8,1,True,False,False,False,False,True
pike county,pennsylvania,42103,446,415,-1,1,True,False,False,True,False,False
lee county,arkansas,05077,446,55,1.6,1,True,False,False,False,True,False
lancaster county,pennsylvania,42071,446,3184,-0.5,1,False,True,False,True,False,False
henry county,alabama,01067,446,118,-0.9,1,False,True,False,True,False,False
westmoreland county,virginia,51193,446,137,-0.4,1,True,False,False,False,False,True
clarke county,mississippi,28023,446,100,-0.4,1,True,False,False,False,False,True
carver county,minnesota,27019,445.9,502,-0.2,1,False,True,False,False,False,True
bennington county,vermont,50003,445.9,262,-1.5,1,True,False,False,True,False,False
pondera county,montana,30073,445.9,38,-1.6,1,True,False,False,True,False,False
le flore county,oklahoma,40079,445.9,276,0.1,1,True,False,False,False,False,True
kane county,illinois,17089,445.9,2585,-0.5,1,False,True,False,True,False,False
clay county,missouri,29047,445.8,1252,-0.8,1,False,True,False,True,False,False
burnet county,texas,48053,445.8,328,-0.7,1,True,False,False,False,False,True
jackson county,minnesota,27063,445.7,69,0.8,1,True,False,False,False,False,True
iosco county,michigan,26069,445.7,207,1.9,1,True,False,False,False,False,True
clay county,north carolina,37043,445.7,96,0.4,1,True,False,False,False,False,True
yell county,arkansas,05149,445.7,116,-0.2,1,True,False,False,False,False,True
hendry county,florida,12051,445.7,185,4.5,1,True,False,False,False,False,True
wood county,wisconsin,55141,445.7,489,-0.6,1,True,False,False,False,False,True
avery county,north carolina,37011,445.6,121,0.4,1,True,False,False,False,False,True
prowers county,colorado,08099,445.5,65,-0.1,1,True,False,False,False,False,True
summers county,west virginia,54089,445.5,88,1.5,1,True,False,False,False,False,True
franklin county,vermont,50011,445.4,278,0.3,1,False,True,False,False,False,True
dane county,wisconsin,55025,445.3,2640,-0.2,1,False,True,False,False,False,True
williamson county,texas,48491,445.1,2653,-3.3,1,False,True,False,True,False,False
anderson county,south carolina,45007,445.1,1180,-0.8,1,False,True,False,True,False,False
delaware county,pennsylvania,42045,445.1,3166,-6.1,1,False,True,False,True,False,False
adams county,pennsylvania,42001,444.9,668,-0.6,1,False,True,False,False,False,True
manistee county,michigan,26101,444.9,187,-1.4,1,True,False,False,True,False,False
st. clair county,missouri,29185,444.8,69,-0.1,1,True,False,False,False,False,True
bibb county,alabama,01007,444.8,128,-0.1,1,False,True,False,False,False,True
tioga county,pennsylvania,42117,444.7,279,-1.6,1,True,False,False,True,False,False
overton county,tennessee,47133,444.7,142,-12.1,1,True,False,False,True,False,False
brown county,texas,48049,444.7,237,-0.8,1,True,False,False,True,False,False
brazoria county,texas,48039,444.6,1647,1,1,False,True,False,False,False,True
morrow county,ohio,39117,444.6,210,0.2,1,False,True,False,False,False,True
san juan county,washington,53055,444.6,164,-0.1,1,True,False,False,False,False,True
marion county,oregon,41047,444.6,1786,-0.5,1,False,True,False,True,False,False
bowie county,texas,48037,444.5,514,1.3,1,False,True,False,False,False,True
cumberland county,maine,23005,444.5,1830,-1.1,1,False,True,False,True,False,False
barbour county,alabama,01005,444.5,158,1.9,1,True,False,False,False,False,True
johnson county,missouri,29101,444.5,237,-0.1,1,True,False,False,False,False,True
perry county,tennessee,47135,444.5,55,-1.7,1,True,False,False,True,False,False
pulaski county,arkansas,05119,444.5,2089,-0.7,1,False,True,False,True,False,False
taney county,missouri,29213,444.5,361,2.1,1,True,False,False,False,True,False
auglaize county,ohio,39011,444.4,271,-1.6,1,True,False,False,True,False,False
roseau county,minnesota,27135,444.4,92,-0.1,1,True,False,False,False,False,True
benton county,minnesota,27009,444.3,197,-1,1,False,True,False,True,False,False
red willow county,nebraska,31145,444.1,70,-0.5,1,True,False,False,False,False,True
san patricio county,texas,48409,444.1,340,0.1,1,False,True,False,False,False,True
frederick county,maryland,24021,444,1392,0.3,1,False,True,False,False,False,True
alleghany county and clifton forge city,virginia,51005,444,112,-0.3,1,True,False,False,False,False,True
middlesex county,new jersey,34023,443.8,4519,-0.8,1,False,True,False,True,False,False
calhoun county,west virginia,54013,443.6,45,-0.5,1,True,False,False,False,False,True
putnam county,missouri,29171,443.5,33,1.5,1,True,False,False,False,False,True
perkins county,nebraska,31135,443.5,19,-1.2,1,True,False,False,False,False,True
marin county,california,06041,443.4,1785,-0.6,1,False,True,False,True,False,False
dallas county,iowa,19049,443.4,421,-0.4,1,False,True,False,False,False,True
navarro county,texas,48349,443.4,282,-0.5,1,True,False,False,False,False,True
emmons county,north dakota,38029,443.4,27,0.7,1,True,False,False,False,False,True
randall county,texas,48381,443.4,697,-0.7,1,False,True,False,True,False,False
hamilton county,florida,12047,443.3,82,1.1,1,True,False,False,False,False,True
chesterfield county,virginia,51041,443.2,1879,-0.8,1,False,True,False,True,False,False
forest county,wisconsin,55041,443.2,67,-0.2,1,True,False,False,False,False,True
lincoln county,mississippi,28085,443.2,198,-0.6,1,True,False,False,False,False,True
lee county,florida,12071,443.2,5773,-0.2,1,False,True,False,False,False,True
webster county,georgia,13307,443,16,1.8,1,True,False,False,False,False,True
portage county,wisconsin,55097,443,382,-0.6,1,True,False,False,False,False,True
putnam county,ohio,39137,443,200,-0.1,1,True,False,False,False,False,True
dillingham census area,alaska,02070,442.9,19,0.6,1,True,False,False,False,False,True
benton county,mississippi,28009,442.6,45,0.8,1,False,True,False,False,False,True
baldwin county,alabama,01003,442.5,1450,0,1,False,True,False,False,False,True
florence county,wisconsin,55037,442.5,35,0.2,1,True,False,False,False,False,True
brookings county,south dakota,46011,442.5,140,-0.2,1,True,False,False,False,False,True
sanders county,montana,30089,442.5,106,-0.2,1,True,False,False,False,False,True
johnson county,arkansas,05071,442.5,141,0.4,1,True,False,False,False,False,True
cass county,missouri,29037,442.4,601,-0.2,1,False,True,False,False,False,True
gulf county,florida,12045,442.4,107,0.3,1,True,False,False,False,False,True
taliaferro county,georgia,13265,442.4,13,-999,1,True,False,True,False,False,False
windsor county,vermont,50027,442.3,402,-6,1,True,False,False,True,False,False
brule county,south dakota,46015,442.3,32,-0.7,1,True,False,False,False,False,True
boone county,illinois,17007,442.1,289,-0.3,1,False,True,False,False,False,True
richmond county,virginia,51159,442.1,58,0.7,1,True,False,False,False,False,True
oldham county,texas,48359,442.1,10,21.3,1,False,True,False,False,False,True
unicoi county,tennessee,47171,442.1,121,-2.5,1,False,True,False,False,False,True
lubbock county,texas,48303,442,1323,-0.8,1,False,True,False,True,False,False
dekalb county,georgia,13089,442,3515,-0.3,1,False,True,False,True,False,False
buckingham county,virginia,51029,441.9,106,-0.3,1,True,False,False,False,False,True
morgan county,tennessee,47129,441.9,127,-1.6,1,False,True,False,True,False,False
holt county,nebraska,31089,441.9,66,-0.4,1,True,False,False,False,False,True
kossuth county,iowa,19109,441.8,105,0,1,True,False,False,False,False,True
st. clair county,alabama,01115,441.7,515,-0.3,1,False,True,False,False,False,True
archer county,texas,48009,441.6,56,4.3,1,False,True,False,False,True,False
chippewa county,michigan,26033,441.6,218,-0.2,1,True,False,False,False,False,True
montgomery county,pennsylvania,42091,441.6,4960,-4.6,1,False,True,False,True,False,False
kewaunee county,wisconsin,55061,441.6,134,0.6,1,False,True,False,False,False,True
wilkes county,north carolina,37193,441.6,440,-0.7,1,True,False,False,True,False,False
tooele county,utah,49045,441.4,256,0,1,False,True,False,False,False,True
king county,washington,53033,441.4,10600,-0.1,1,False,True,False,False,False,True
barry county,missouri,29009,441.4,227,0.3,1,True,False,False,False,False,True
hyde county,north carolina,37095,441.4,33,0,1,True,False,False,False,False,True
bee county,texas,48025,441.3,138,1.9,1,True,False,False,False,True,False
walsh county,north dakota,38099,441.2,72,0.6,1,True,False,False,False,False,True
hertford county,north carolina,37091,441,136,-0.7,1,True,False,False,False,False,True
clark county,illinois,17023,440.9,93,-0.6,1,True,False,False,False,False,True
eastland county,texas,48133,440.9,116,0.7,1,True,False,False,False,False,True
lac qui parle county,minnesota,27073,440.7,53,-0.8,1,True,False,False,False,False,True
kendall county,texas,48259,440.7,265,-0.4,1,False,True,False,False,False,True
cole county,missouri,29051,440.6,428,-1.1,1,False,True,False,True,False,False
marlboro county,south carolina,45069,440.6,158,-0.4,1,True,False,False,False,False,True
dewitt county,texas,48123,440.6,121,-0.5,1,True,False,False,False,False,True
klamath county,oregon,41035,440.5,438,-0.5,1,True,False,False,False,False,True
roanoke county,virginia,51161,440.5,615,-0.2,1,False,True,False,False,False,True
humboldt county,california,06023,440.5,769,-0.9,1,True,False,False,True,False,False
newaygo county,michigan,26123,440.5,304,-0.8,1,True,False,False,True,False,False
marshall county,oklahoma,40095,440.4,102,-0.2,1,True,False,False,False,False,True
sullivan county,new york,36105,440.3,469,-1.1,1,True,False,False,True,False,False
idaho county,idaho,16049,440.1,130,0.9,1,True,False,False,False,True,False
webster county,missouri,29225,440.1,202,-0.2,1,False,True,False,False,False,True
sauk county,wisconsin,55111,440.1,391,-0.1,1,True,False,False,False,False,True
macon county,north carolina,37113,440,291,-0.6,1,True,False,False,False,False,True
butler county,nebraska,31023,439.8,53,0.1,1,True,False,False,False,False,True
stevens county,minnesota,27149,439.8,49,-0.1,1,True,False,False,False,False,True
churchill county,nevada,32001,439.7,146,-1,1,True,False,False,False,False,True
outagamie county,wisconsin,55087,439.6,994,-0.5,1,False,True,False,True,False,False
providence county,rhode island,44007,439.5,3425,-1,1,False,True,False,True,False,False
surry county,virginia,51181,439.4,50,-5.3,1,False,True,False,True,False,False
bleckley county,georgia,13023,439.4,71,0.8,1,True,False,False,False,False,True
clackamas county,oregon,41005,439.4,2432,-2.6,1,False,True,False,True,False,False
charleston county,south carolina,45019,439.1,2212,-1.1,1,False,True,False,True,False,False
charles county,maryland,24017,439.1,806,-0.4,1,False,True,False,False,False,True
essex county,new jersey,34013,439,4120,-0.5,1,False,True,False,False,False,True
shelby county,ohio,39149,439,263,-0.2,1,True,False,False,False,False,True
moody county,south dakota,46101,438.9,38,0.5,1,True,False,False,False,False,True
windham county,vermont,50025,438.9,311,-1.4,1,True,False,False,False,False,True
jim wells county,texas,48249,438.9,193,1.9,1,True,False,False,False,False,True
mecosta county,michigan,26107,438.9,234,-0.6,1,True,False,False,False,False,True
turner county,south dakota,46125,438.9,55,0.6,1,False,True,False,False,False,True
doddridge county,west virginia,54017,438.8,52,3.3,1,True,False,False,False,True,False
audubon county,iowa,19009,438.8,41,-0.3,1,True,False,False,False,False,True
mahoning county,ohio,39099,438.8,1480,2.3,1,False,True,False,False,False,True
clinton county,missouri,29049,438.8,125,-0.3,1,False,True,False,False,False,True
yankton county,south dakota,46135,438.7,140,0.1,1,True,False,False,False,False,True
henry county,ohio,39069,438.5,164,0.1,1,True,False,False,False,False,True
shelby county,tennessee,47157,438.2,4485,-3.2,1,False,True,False,True,False,False
tarrant county,texas,48439,438.2,8939,-0.7,1,False,True,False,True,False,False
neshoba county,mississippi,28099,438.2,150,0.1,1,True,False,False,False,False,True
blanco county,texas,48031,438.2,88,0.9,1,True,False,False,False,False,True
amite county,mississippi,28005,438.2,89,-0.6,1,True,False,False,False,False,True
williamson county,tennessee,47187,438,1172,-0.4,1,False,True,False,True,False,False
bland county,virginia,51021,438,45,0.1,1,True,False,False,False,False,True
bradley county,tennessee,47011,437.9,594,-0.8,1,False,True,False,False,False,True
scotts bluff county,nebraska,31157,437.9,212,2,1,True,False,False,False,False,True
grayson county,virginia,51077,437.9,111,-0.1,1,True,False,False,False,False,True
calhoun county,florida,12013,437.8,83,0.9,1,True,False,False,False,False,True
walker county,georgia,13295,437.7,401,-0.6,1,False,True,False,False,False,True
wayne county,mississippi,28153,437.7,110,-7.1,1,True,False,False,True,False,False
forest county,pennsylvania,42053,437.7,46,-0.1,1,True,False,False,False,False,True
giles county,tennessee,47055,437.7,191,0.2,1,True,False,False,False,False,True
powhatan county,virginia,51145,437.6,185,2.6,1,False,True,False,False,False,True
colorado county,texas,48089,437.6,132,-0.6,1,True,False,False,False,False,True
mineral county,nevada,32021,437.5,33,16.2,1,True,False,False,False,False,True
clarke county,georgia,13059,437.3,494,-0.5,1,False,True,False,False,False,True
lebanon county,pennsylvania,42075,437.2,859,-1.5,1,False,True,False,True,False,False
rock island county,illinois,17161,437.2,862,-5.6,1,False,True,False,True,False,False
hockley county,texas,48219,437.1,105,-0.6,1,False,True,False,False,False,True
hays county,texas,48209,437,939,1.6,1,False,True,False,False,True,False
huntingdon county,pennsylvania,42061,436.8,281,0.1,1,True,False,False,False,False,True
falls county,texas,48145,436.6,100,0.2,1,False,True,False,False,False,True
edwards county,illinois,17047,436.6,40,-0.7,1,True,False,False,False,False,True
lynchburg city,virginia,51680,436.5,352,-0.2,1,False,True,False,False,False,True
mercer county,ohio,39107,436.5,239,-0.4,1,True,False,False,False,False,True
calhoun county,michigan,26025,436.5,763,-6.1,1,False,True,False,True,False,False
missoula county,montana,30063,436.4,592,-0.5,1,False,True,False,False,False,True
hampden county,massachusetts,25013,436.4,2568,-0.7,1,False,True,False,True,False,False
madison county,tennessee,47113,436.2,546,0.2,1,False,True,False,False,False,True
polk county,missouri,29167,436.1,174,5.2,1,False,True,False,False,False,True
placer county,california,06061,436.1,2411,-0.6,1,False,True,False,True,False,False
sweet grass county,montana,30097,435.9,27,-1.6,1,True,False,False,False,False,True
chambers county,alabama,01017,435.9,215,-2,1,True,False,False,True,False,False
chatham county,georgia,13051,435.8,1510,-0.3,1,False,True,False,False,False,True
todd county,minnesota,27153,435.8,163,6.6,1,True,False,False,False,False,True
tattnall county,georgia,13267,435.7,123,-1,1,True,False,False,True,False,False
fulton county,ohio,39051,435.7,242,0.2,1,False,True,False,False,False,True
crittenden county,kentucky,21055,435.7,56,-11.2,1,True,False,False,True,False,False
columbia county,georgia,13073,435.7,745,-0.2,1,False,True,False,False,False,True
lamoille county,vermont,50015,435.7,150,-1.9,1,True,False,False,True,False,False
hughes county,oklahoma,40063,435.6,75,-0.7,1,True,False,False,False,False,True
carter county,oklahoma,40019,435.6,260,-0.1,1,True,False,False,False,False,True
sonoma county,california,06097,435.6,2994,1.5,1,False,True,False,False,False,True
bryan county,oklahoma,40013,435.6,248,-0.5,1,True,False,False,False,False,True
perry county,alabama,01105,435.5,53,0.1,1,True,False,False,False,False,True
berrien county,michigan,26021,435.5,940,-1.1,1,False,True,False,True,False,False
warren county,mississippi,28149,435.2,249,-0.6,1,True,False,False,False,False,True
carbon county,montana,30009,435,75,-0.5,1,False,True,False,False,False,True
montgomery county,arkansas,05097,434.9,65,-0.2,1,True,False,False,False,False,True
newton county,missouri,29145,434.9,343,0,1,False,True,False,False,False,True
fillmore county,nebraska,31059,434.9,38,-0.7,1,True,False,False,False,False,True
kershaw county,south carolina,45055,434.9,380,-1.2,1,False,True,False,True,False,False
tillman county,oklahoma,40141,434.9,42,0.2,1,True,False,False,False,False,True
stone county,missouri,29209,434.8,255,-0.7,1,True,False,False,False,False,True
chippewa county,wisconsin,55017,434.8,386,-3.9,1,False,True,False,True,False,False
wayne county,ohio,39169,434.7,651,0.1,1,True,False,False,False,False,True
coal county,oklahoma,40029,434.6,31,-1.8,1,True,False,False,True,False,False
torrance county,new mexico,35057,434.5,98,0.7,1,False,True,False,False,False,True
traill county,north dakota,38097,434.5,49,0.2,1,True,False,False,False,False,True
lincoln county,maine,23015,434.5,277,-0.5,1,True,False,False,False,False,True
ventura county,california,06111,434.4,4423,1.6,1,False,True,False,False,False,True
mobile county,alabama,01097,434.4,2208,0.3,1,False,True,False,False,False,True
yamhill county,oregon,41071,434.4,588,-0.5,1,False,True,False,False,False,True
christian county,missouri,29043,434.3,453,-0.8,1,False,True,False,True,False,False
winston county,mississippi,28159,434.3,111,-1.1,1,True,False,False,True,False,False
colbert county,alabama,01033,434.3,345,-5.6,1,False,True,False,False,False,True
bullock county,alabama,01011,434.2,57,-1.1,1,True,False,False,False,False,True
jefferson county,alabama,01073,434.2,3530,-0.8,1,False,True,False,True,False,False
grant county,west virginia,54023,434.1,73,0.9,1,True,False,False,False,False,True
lexington county,south carolina,45063,434.1,1548,-0.6,1,False,True,False,True,False,False
beckham county,oklahoma,40009,434.1,108,-0.2,1,True,False,False,False,False,True
orleans parish,louisiana,22071,434.1,1975,-1.2,1,False,True,False,True,False,False
leake county,mississippi,28079,434.1,117,-0.4,1,True,False,False,False,False,True
matanuska-susitna borough,alaska,02170,433.9,471,-1.3,1,False,True,False,True,False,False
washington county,utah,49053,433.9,1052,0.4,1,False,True,False,False,True,False
bastrop county,texas,48021,433.9,486,-0.8,1,False,True,False,True,False,False
jackson county,oregon,41029,433.8,1423,-1,1,False,True,False,True,False,False
jackson county,tennessee,47087,433.8,80,-1.4,1,True,False,False,False,False,True
stephenson county,illinois,17177,433.7,298,-0.1,1,True,False,False,False,False,True
wheeler county,oregon,41069,433.6,12,0.2,1,True,False,False,False,False,True
poquoson city,virginia,51735,433.6,74,-0.8,1,False,True,False,False,False,True
okaloosa county,florida,12091,433.6,1097,-0.9,1,False,True,False,True,False,False
jefferson county,idaho,16051,433.6,122,0.3,1,False,True,False,False,False,True
essex county,massachusetts,25009,433.6,4509,-5.8,1,False,True,False,True,False,False
laurens county,georgia,13175,433.5,271,-0.1,1,True,False,False,False,False,True
burnett county,wisconsin,55013,433.5,138,0.4,1,True,False,False,False,False,True
keith county,nebraska,31101,433.4,63,-0.1,1,True,False,False,False,False,True
orange county,vermont,50017,433.2,194,-0.9,1,True,False,False,False,False,True
garfield county,oklahoma,40047,433.1,325,-1,1,False,True,False,True,False,False
isabella county,michigan,26073,433,276,-0.8,1,True,False,False,False,False,True
clark county,missouri,29045,432.9,42,1.1,1,True,False,False,False,False,True
stark county,north dakota,38089,432.9,146,0.1,1,True,False,False,False,False,True
hanover county,virginia,51085,432.9,639,-0.8,1,False,True,False,True,False,False
douglas county,nevada,32005,432.7,404,-0.1,1,True,False,False,False,False,True
claiborne county,mississippi,28021,432.7,46,0.2,1,True,False,False,False,False,True
crook county,wyoming,56011,432.7,48,1.4,1,True,False,False,False,False,True
mitchell county,texas,48335,432.6,42,0.6,1,True,False,False,False,False,True
carroll county,arkansas,05015,432.6,189,0.8,1,True,False,False,False,False,True
bowman county,north dakota,38011,432.4,18,-1,1,True,False,False,False,False,True
boyd county,nebraska,31015,432.4,13,-2.4,1,True,False,False,False,False,True
logan county,ohio,39091,432.3,268,-0.6,1,True,False,False,False,False,True
anderson county,texas,48001,432.2,295,0.9,1,True,False,False,False,False,True
lee county,texas,48287,432.2,103,-9.3,1,True,False,False,False,False,True
dale county,alabama,01045,432.2,269,-0.1,1,True,False,False,False,False,True
san augustine county,texas,48405,432.2,60,0.3,1,True,False,False,False,False,True
dodge county,wisconsin,55027,432.2,530,-0.6,1,True,False,False,True,False,False
cook county,illinois,17031,432.1,26155,-0.5,1,False,True,False,False,False,True
howard county,texas,48227,432.1,161,-1,1,True,False,False,True,False,False
pennington county,south dakota,46103,432.1,610,-1.2,1,False,True,False,True,False,False
houston county,alabama,01069,432,596,-0.7,1,False,True,False,True,False,False
oklahoma county,oklahoma,40109,432,3673,-0.8,1,False,True,False,True,False,False
montgomery county,georgia,13209,432,48,0,1,True,False,False,False,False,True
rankin county,mississippi,28121,431.9,803,-1,1,False,True,False,True,False,False
radford city,virginia,51750,431.9,52,-1.3,1,False,True,False,False,False,True
osage county,oklahoma,40113,431.8,289,-0.1,1,False,True,False,False,False,True
van wert county,ohio,39161,431.8,169,0.2,1,True,False,False,False,False,True
mclean county,illinois,17113,431.8,776,-1.1,1,False,True,False,True,False,False
hall county,nebraska,31079,431.8,306,-1.2,1,False,True,False,True,False,False
concordia parish,louisiana,22029,431.7,107,-2.7,1,True,False,False,True,False,False
bingham county,idaho,16011,431.7,219,0.6,1,True,False,False,False,False,True
mellette county,south dakota,46095,431.7,9,-0.8,1,True,False,False,False,False,True
schley county,georgia,13249,431.7,25,0.1,1,True,False,False,False,False,True
beadle county,south dakota,46005,431.7,105,-0.3,1,True,False,False,False,False,True
bamberg county,south carolina,45009,431.6,90,-0.8,1,True,False,False,True,False,False
bulloch county,georgia,13031,431.4,314,-0.1,1,True,False,False,False,False,True
owyhee county,idaho,16073,431.4,67,-1.1,1,False,True,False,False,False,True
randolph county,alabama,01111,431.4,138,0.7,1,True,False,False,False,False,True
decatur county,georgia,13087,431.4,158,0,1,True,False,False,False,False,True
prince of wales-hyder census area,alaska,02198,431.4,34,-0.1,1,True,False,False,False,False,True
gallatin county,montana,30031,431.4,494,-0.3,1,False,True,False,False,False,True
jackson county,north carolina,37099,431.4,242,2,1,True,False,False,False,False,True
indiana county,pennsylvania,42063,431.3,485,0.5,1,True,False,False,False,False,True
chesterfield county,south carolina,45025,431.3,254,-7,1,True,False,False,True,False,False
winston county,alabama,01133,431.3,151,-1.2,1,True,False,False,True,False,False
shiawassee county,michigan,26155,431.3,402,-0.9,1,True,False,False,True,False,False
hancock county,ohio,39063,431.2,414,0,1,True,False,False,False,False,True
calhoun county,texas,48057,431.2,115,-0.5,1,True,False,False,False,False,True
cache county,utah,49005,431.1,436,3.2,1,False,True,False,False,True,False
palm beach county,florida,12099,431.1,10075,-0.5,1,False,True,False,True,False,False
darlington county,south carolina,45031,431.1,373,-0.2,1,False,True,False,False,False,True
jerome county,idaho,16053,430.8,104,-0.8,1,False,True,False,False,False,True
van buren county,michigan,26159,430.8,436,-0.8,1,True,False,False,True,False,False
ingham county,michigan,26065,430.7,1285,-0.6,1,False,True,False,False,False,True
chicot county,arkansas,05017,430.7,66,0.8,1,True,False,False,False,False,True
pueblo county,colorado,08101,430.6,950,0.5,1,False,True,False,False,False,True
callahan county,texas,48059,430.6,87,-0.1,1,False,True,False,False,False,True
jackson county,missouri,29095,430.5,3561,-0.8,1,False,True,False,True,False,False
tuscola county,michigan,26157,430.5,338,-0.8,1,True,False,False,True,False,False
st. louis city,missouri,29510,430.4,1483,-1.9,1,False,True,False,True,False,False
laclede county,missouri,29105,430.4,200,-0.9,1,True,False,False,True,False,False
bandera county,texas,48019,430.3,164,-0.9,1,False,True,False,False,False,True
val verde county,texas,48465,430.3,207,0.9,1,True,False,False,False,True,False
spink county,south dakota,46115,430.2,41,-0.9,1,True,False,False,False,False,True
macon county,alabama,01087,430.1,113,0.9,1,False,True,False,False,False,True
paulding county,ohio,39125,430,113,-0.1,1,True,False,False,False,False,True
grant county,south dakota,46051,430,50,-0.8,1,True,False,False,False,False,True
ravalli county,montana,30081,430,318,-0.4,1,True,False,False,False,False,True
cumberland county,pennsylvania,42041,430,1460,-1.1,1,False,True,False,True,False,False
green county,wisconsin,55045,429.9,222,-0.2,1,False,True,False,False,False,True
rockbridge county,virginia,51163,429.9,165,-0.4,1,True,False,False,False,False,True
robertson county,texas,48395,429.9,101,5.8,1,False,True,False,False,False,True
jo daviess county,illinois,17085,429.8,164,-0.5,1,True,False,False,False,False,True
custer county,oklahoma,40039,429.8,130,-0.4,1,True,False,False,False,False,True
rockwall county,texas,48397,429.7,467,-0.5,1,False,True,False,False,False,True
adams county,mississippi,28001,429.7,183,-1.4,1,True,False,False,True,False,False
nash county,north carolina,37127,429.6,546,-0.8,1,False,True,False,True,False,False
koochiching county,minnesota,27071,429.5,94,-0.6,1,True,False,False,False,False,True
dallas county,texas,48113,429.5,10481,0,1,False,True,False,False,False,True
clearfield county,pennsylvania,42033,429.4,509,-1,1,True,False,False,True,False,False
dade county,georgia,13083,429.4,95,-0.6,1,False,True,False,False,False,True
box butte county,nebraska,31013,429.4,60,-0.2,1,True,False,False,False,False,True
wrangell borough,alaska,02275,429.2,15,-0.8,1,True,False,False,False,False,True
canadian county,oklahoma,40017,429.1,681,-1.4,1,False,True,False,True,False,False
valley county,idaho,16085,429.1,82,-1.2,1,True,False,False,False,False,True
baker county,georgia,13007,429,20,1,1,True,False,False,False,False,True
page county,virginia,51139,428.9,156,0.1,1,True,False,False,False,False,True
hansford county,texas,48195,428.9,25,0,1,True,False,False,False,False,True
watauga county,north carolina,37189,428.8,262,-0.6,1,True,False,False,False,False,True
goliad county,texas,48175,428.7,47,-0.5,1,False,True,False,False,False,True
collier county,florida,12021,428.5,3004,-0.4,1,False,True,False,False,False,True
ashley county,arkansas,05003,428.4,120,0.2,1,True,False,False,False,False,True
transylvania county,north carolina,37175,428.2,271,0.2,1,True,False,False,False,False,True
sumter county,south carolina,45085,428.1,552,-4.1,1,False,True,False,True,False,False
ray county,missouri,29177,428.1,138,-0.7,1,False,True,False,False,False,True
oneida county,idaho,16071,428,26,0.1,1,True,False,False,False,False,True
davis county,utah,49011,428,1331,2,1,False,True,False,False,True,False
twin falls county,idaho,16083,427.8,438,-0.9,1,False,True,False,True,False,False
duval county,texas,48131,427.8,51,3.3,1,True,False,False,False,True,False
chowan county,north carolina,37041,427.7,98,-0.1,1,True,False,False,False,False,True
monroe county,alabama,01099,427.7,122,-0.4,1,True,False,False,False,False,True
lake county,tennessee,47095,427.5,38,1.5,1,True,False,False,False,False,True
randolph county,georgia,13243,427.5,45,0.1,1,True,False,False,False,False,True
edmunds county,south dakota,46045,427.3,27,1.8,1,True,False,False,False,False,True
wagoner county,oklahoma,40145,427.3,424,0,1,False,True,False,False,False,True
hood river county,oregon,41027,427.3,126,-0.7,1,True,False,False,False,False,True
new york county,new york,36061,427.3,8725,-0.9,1,False,True,False,True,False,False
winchester city,virginia,51840,427.3,144,-0.5,1,False,True,False,False,False,True
gray county,texas,48179,427.3,110,-2,1,True,False,False,True,False,False
chester county,pennsylvania,42029,427.2,2843,-3.5,1,False,True,False,True,False,False
perquimans county,north carolina,37143,427.1,97,-0.3,1,True,False,False,False,False,True
amador county,california,06005,427.1,305,-0.8,1,True,False,False,True,False,False
crisp county,georgia,13081,427,120,0.3,1,True,False,False,False,False,True
newberry county,south carolina,45071,426.8,224,-0.7,1,True,False,False,False,False,True
sawyer county,wisconsin,55113,426.8,133,-2.3,1,True,False,False,True,False,False
davidson county,tennessee,47037,426.7,3105,-0.7,1,False,True,False,False,False,True
dare county,north carolina,37055,426.6,245,-0.3,1,True,False,False,False,False,True
choctaw county,mississippi,28019,426.6,53,2.5,1,True,False,False,False,True,False
howard county,missouri,29089,426.2,58,-1.1,1,False,True,False,False,False,True
san diego county,california,06073,426.1,15558,-0.7,1,False,True,False,True,False,False
dallas county,alabama,01047,426.1,221,-1.5,1,True,False,False,True,False,False
miller county,georgia,13201,426,36,0,1,True,False,False,False,False,True
nez perce county,idaho,16069,426,252,-1.6,1,False,True,False,True,False,False
montcalm county,michigan,26117,425.9,369,-0.8,1,False,True,False,False,False,True
catoosa county,georgia,13047,425.9,378,-0.3,1,False,True,False,False,False,True
essex county,vermont,50009,425.9,46,-2.5,1,True,False,False,True,False,False
wyandot county,ohio,39175,425.9,131,-0.6,1,True,False,False,False,False,True
wasco county,oregon,41065,425.7,160,-1.1,1,True,False,False,False,False,True
campbell county,virginia,51031,425.7,342,-0.8,1,False,True,False,False,False,True
bannock county,idaho,16005,425.6,393,-0.3,1,False,True,False,False,False,True
allendale county,south carolina,45005,425.6,50,0.1,1,True,False,False,False,False,True
bedford city and county,virginia,51917,425.5,517,-1,1,False,True,False,True,False,False
cumberland county,virginia,51049,425.5,64,-0.4,1,True,False,False,False,False,True
grady county,georgia,13131,425.4,146,-0.9,1,True,False,False,False,False,True
wright county,iowa,19197,425.4,83,-0.7,1,True,False,False,False,False,True
atoka county,oklahoma,40005,425.4,79,-0.2,1,True,False,False,False,False,True
huron county,michigan,26063,425.3,224,-1.3,1,True,False,False,True,False,False
kearney county,nebraska,31099,425.3,38,0.7,1,True,False,False,False,False,True
presque isle county,michigan,26141,425.2,103,-1.7,1,True,False,False,True,False,False
karnes county,texas,48255,425.2,66,-0.2,1,True,False,False,False,False,True
grant county,nebraska,31075,425.2,4,-1.7,1,True,False,False,False,False,True
dawson county,montana,30021,425.2,52,-1.4,1,True,False,False,True,False,False
griggs county,north dakota,38039,425.2,19,-1.6,1,True,False,False,False,False,True
horry county,south carolina,45051,425.1,2335,-0.9,1,False,True,False,True,False,False
washoe county,nevada,32031,425.1,2481,-0.8,1,False,True,False,True,False,False
dimmit county,texas,48127,424.9,43,2.2,1,True,False,False,False,True,False
trumbull county,ohio,39155,424.9,1271,-1.6,1,False,True,False,True,False,False
dade county,missouri,29057,424.8,51,-1.3,1,True,False,False,False,False,True
weston county,wyoming,56045,424.8,44,0.4,1,True,False,False,False,False,True
butte county,south dakota,46019,424.8,62,-0.5,1,True,False,False,False,False,True
wayne county,illinois,17191,424.7,106,-0.5,1,True,False,False,False,False,True
lauderdale county,mississippi,28075,424.7,401,-0.5,1,True,False,False,False,False,True
van buren county,tennessee,47175,424.7,42,0.4,1,True,False,False,False,False,True
butler county,pennsylvania,42019,424.7,1140,-6.8,1,False,True,False,True,False,False
deuel county,south dakota,46039,424.6,27,-0.7,1,True,False,False,False,False,True
hampshire county,west virginia,54027,424.6,154,-0.2,1,False,True,False,False,False,True
lyman county,south dakota,46085,424.6,21,-1.4,1,True,False,False,False,False,True
meagher county,montana,30059,424.6,15,-1.6,1,True,False,False,False,False,True
jackson county,alabama,01071,424.4,320,0.2,1,True,False,False,False,False,True
jones county,texas,48253,424.4,98,0,1,False,True,False,False,False,True
sioux county,north dakota,38085,424.2,13,0.1,1,True,False,False,False,False,True
stone county,arkansas,05137,424.2,91,0,1,True,False,False,False,False,True
larimer county,colorado,08069,424.2,1744,-2,1,False,True,False,True,False,False
pierce county,nebraska,31139,424.1,42,-0.6,1,True,False,False,False,False,True
antrim county,michigan,26009,424,172,-1.2,1,True,False,False,True,False,False
el dorado county,california,06017,423.8,1208,-0.8,1,False,True,False,True,False,False
greene county,missouri,29077,423.8,1499,0.4,1,False,True,False,False,False,True
marshall county,alabama,01095,423.8,515,-0.5,1,True,False,False,False,False,True
cleburne county,alabama,01029,423.6,88,0,1,True,False,False,False,False,True
stanislaus county,california,06099,423.6,2412,-0.2,1,False,True,False,False,False,True
ashe county,north carolina,37009,423.6,194,0,1,True,False,False,False,False,True
cottle county,texas,48101,423.5,9,-0.8,1,True,False,False,False,False,True
missaukee county,michigan,26113,423.5,94,-6.5,1,True,False,False,True,False,False
stephens county,texas,48429,423.5,54,-0.7,1,True,False,False,False,False,True
kemper county,mississippi,28069,423.4,53,-0.2,1,True,False,False,False,False,True
camden county,missouri,29029,423.3,339,-0.5,1,True,False,False,False,False,True
limestone county,alabama,01083,423.3,522,-2.6,1,False,True,False,True,False,False
polk county,wisconsin,55095,423.3,289,0.6,1,True,False,False,False,False,True
addison county,vermont,50001,423.2,226,-1.1,1,True,False,False,True,False,False
marion county,alabama,01093,423.2,184,-1.3,1,True,False,False,False,False,True
williamsburg county,south carolina,45089,423.1,192,-7.6,1,True,False,False,True,False,False
blaine county,idaho,16013,423.1,142,-0.1,1,True,False,False,False,False,True
abbeville county,south carolina,45001,423,151,-0.1,1,True,False,False,False,False,True
wharton county,texas,48481,422.9,220,-1,1,True,False,False,True,False,False
logan county,oklahoma,40083,422.7,257,-0.8,1,False,True,False,False,False,True
graham county,north carolina,37075,422.7,55,0,1,True,False,False,False,False,True
chilton county,alabama,01021,422.7,237,-0.4,1,False,True,False,False,False,True
knox county,nebraska,31107,422.7,53,-0.3,1,True,False,False,False,False,True
latah county,idaho,16057,422.6,171,0,1,True,False,False,False,False,True
washtenaw county,michigan,26161,422.6,1694,-1.4,1,False,True,False,True,False,False
mcdonald county,missouri,29119,422.6,120,0.9,1,True,False,False,False,False,True
broward county,florida,12011,422.5,10414,-2.5,1,False,True,False,True,False,False
stafford county,virginia,51179,422.4,631,-1.2,1,False,True,False,True,False,False
orange county,florida,12095,422.3,6048,-1.1,1,False,True,False,True,False,False
polk county,oregon,41053,422.3,457,-1.9,1,False,True,False,True,False,False
pope county,illinois,17151,422.3,31,2.3,1,True,False,False,False,False,True
fayette county,alabama,01057,422.2,100,-2,1,True,False,False,False,False,True
pike county,arkansas,05109,422.2,62,-0.3,1,True,False,False,False,False,True
oconee county,georgia,13219,422.1,206,-0.7,1,False,True,False,False,False,True
northwest arctic borough,alaska,02188,422,24,0.7,1,True,False,False,False,False,True
kleberg county,texas,48273,421.9,125,-0.7,1,True,False,False,False,False,True
franklin county,alabama,01059,421.9,170,-0.2,1,True,False,False,False,False,True
emmet county,michigan,26047,421.9,214,-1.1,1,True,False,False,False,False,True
albany county,wyoming,56001,421.9,141,-0.4,1,True,False,False,False,False,True
denton county,texas,48121,421.8,3521,-1.6,1,False,True,False,True,False,False
lincoln parish,louisiana,22061,421.8,201,-0.8,1,True,False,False,True,False,False
hamilton county,iowa,19079,421.8,91,-0.1,1,True,False,False,False,False,True
weber county,utah,49057,421.7,1046,0.1,1,False,True,False,False,False,True
brown county,nebraska,31017,421.7,20,-1,1,True,False,False,False,False,True
miami-dade county,florida,12086,421.7,14117,-0.3,1,False,True,False,False,False,True
lake county,oregon,41037,421.7,58,-1.8,1,True,False,False,True,False,False
henderson county,illinois,17071,421.7,48,-0.1,1,True,False,False,False,False,True
franklin county,mississippi,28037,421.6,48,-0.2,1,True,False,False,False,False,True
white county,illinois,17193,421.6,91,-13.3,1,True,False,False,True,False,False
mesa county,colorado,08077,421.5,886,0.5,1,False,True,False,False,False,True
cherokee county,alabama,01019,421.5,163,0,1,True,False,False,False,False,True
allamakee county,iowa,19005,421.2,92,-0.2,1,True,False,False,False,False,True
tuolumne county,california,06109,421.2,403,4.4,1,True,False,False,False,False,True
wilson county,texas,48493,421.2,255,-0.2,1,False,True,False,False,False,True
teton county,idaho,16081,421.1,52,-0.2,1,True,False,False,False,False,True
swift county,minnesota,27151,421.1,65,-1.4,1,True,False,False,True,False,False
benewah county,idaho,16009,421,62,-1.3,1,True,False,False,False,False,True
montgomery county,texas,48339,420.9,2733,0.7,1,False,True,False,False,False,True
newport news city,virginia,51700,420.9,821,-0.9,1,False,True,False,True,False,False
livingston county,michigan,26093,420.9,1091,-2.1,1,False,True,False,True,False,False
berkeley county,south carolina,45015,420.8,1050,-2.1,1,False,True,False,True,False,False
hillsdale county,michigan,26059,420.7,274,-0.5,1,True,False,False,False,False,True
lancaster county,nebraska,31109,420.7,1426,-3.9,1,False,True,False,True,False,False
jefferson county,texas,48245,420.6,1243,0.9,1,False,True,False,False,False,True
natrona county,wyoming,56025,420.4,397,-0.6,1,False,True,False,False,False,True
houston county,texas,48225,420.4,141,-5.5,1,True,False,False,True,False,False
minidoka county,idaho,16067,420.4,105,-0.4,1,True,False,False,False,False,True
pemiscot county,missouri,29155,420.4,85,0.5,1,True,False,False,False,False,True
clarion county,pennsylvania,42031,420.2,219,-6.7,1,True,False,False,True,False,False
washington county,texas,48477,420.1,220,-1.1,1,True,False,False,True,False,False
nantucket county,massachusetts,25019,419.9,70,-2.5,1,True,False,False,True,False,False
newport county,rhode island,44005,419.7,568,-4.8,1,False,True,False,True,False,False
lake county,california,06033,419.7,436,-1.2,1,True,False,False,True,False,False
atascosa county,texas,48013,419.6,229,-0.3,1,False,True,False,False,False,True
cascade county,montana,30013,419.6,464,-1,1,False,True,False,True,False,False
coffee county,alabama,01031,419.5,277,-0.5,1,True,False,False,False,False,True
ralls county,missouri,29173,419.4,66,-0.4,1,True,False,False,False,False,True
knox county,missouri,29103,419.3,23,-0.8,1,True,False,False,False,False,True
iron county,utah,49021,419.2,222,0,1,True,False,False,False,False,True
johnson county,nebraska,31097,419.2,31,0.2,1,True,False,False,False,False,True
bon homme county,south dakota,46009,419.1,42,-1,1,True,False,False,False,False,True
travis county,texas,48453,419,4761,0.8,1,False,True,False,False,True,False
greene county,virginia,51079,419,112,-0.9,1,False,True,False,False,False,True
carson county,texas,48065,418.9,34,5.3,1,False,True,False,False,False,True
hampton county,south carolina,45049,418.6,106,-0.8,1,True,False,False,False,False,True
garden county,nebraska,31069,418.5,15,2.2,1,True,False,False,False,False,True
coos county,oregon,41011,418.3,461,-1.4,1,True,False,False,True,False,False
walworth county,south dakota,46129,418.3,34,-0.6,1,True,False,False,False,False,True
irwin county,georgia,13155,418.2,52,0,1,True,False,False,False,False,True
frontier county,nebraska,31063,418.2,18,-0.9,1,True,False,False,False,False,True
madison county,montana,30057,417.9,65,0,1,True,False,False,False,False,True
solano county,california,06095,417.6,2281,-0.1,1,False,True,False,False,False,True
miller county,arkansas,05091,417.6,221,-8.5,1,False,True,False,True,False,False
benton county,arkansas,05007,417.5,1220,0.3,1,False,True,False,False,False,True
dodge county,georgia,13091,417.5,114,-0.6,1,True,False,False,False,False,True
delta county,michigan,26041,417.5,253,-0.4,1,True,False,False,False,False,True
williams county,ohio,39171,417.4,215,-0.7,1,True,False,False,False,False,True
deer lodge county,montana,30023,417.3,68,-1,1,True,False,False,False,False,True
mason county,michigan,26105,417.2,190,4.7,1,True,False,False,False,True,False
centre county,pennsylvania,42027,417.2,715,-0.4,1,False,True,False,False,False,True
madison county,texas,48313,417.2,64,0.2,1,True,False,False,False,False,True
lemhi county,idaho,16059,417.1,66,0.1,1,True,False,False,False,False,True
halifax county with south boston city,virginia,51083,417.1,229,-6.9,1,True,False,False,True,False,False
calumet county,wisconsin,55015,417.1,267,-0.7,1,False,True,False,False,False,True
glasscock county,texas,48173,417,5,1.1,1,True,False,False,False,False,True
llano county,texas,48299,416.9,184,-1,1,True,False,False,True,False,False
gooding county,idaho,16047,416.6,82,-0.8,1,True,False,False,False,False,True
lincoln county,arkansas,05079,416.5,64,0.2,1,True,False,False,False,False,True
bronx county,new york,36005,416.3,6414,-1,1,False,True,False,True,False,False
napa county,california,06055,416.2,801,2.6,1,False,True,False,False,False,True
platte county,wyoming,56031,416.2,62,-0.8,1,True,False,False,False,False,True
clinton county,michigan,26037,416.1,421,-0.6,1,False,True,False,False,False,True
calaveras county,california,06009,416,335,-0.4,1,True,False,False,False,False,True
cochran county,texas,48079,416,13,-0.6,1,False,True,False,False,False,True
fall river county,south dakota,46047,416,58,-2.5,1,True,False,False,True,False,False
washington county,oregon,41067,416,2671,-0.4,1,False,True,False,True,False,False
candler county,georgia,13043,415.8,61,0.1,1,True,False,False,False,False,True
wilbarger county,texas,48487,415.7,68,-1.5,1,True,False,False,True,False,False
chase county,nebraska,31029,415.5,22,0.6,1,True,False,False,False,False,True
lawrence county,missouri,29109,415.5,208,-0.4,1,True,False,False,False,False,True
debaca county,new mexico,35011,415.5,13,0.6,1,True,False,False,False,False,True
rock county,nebraska,31149,415.4,10,-1,1,True,False,False,False,False,True
osceola county,michigan,26133,415.3,141,-1.5,1,True,False,False,True,False,False
sutter county,california,06101,415.3,479,0,1,False,True,False,False,False,True
iowa county,wisconsin,55049,415.2,138,0.6,1,False,True,False,False,False,True
mckean county,pennsylvania,42083,415.2,235,-1.1,1,True,False,False,False,False,True
shelby county,texas,48419,415.1,130,-0.6,1,True,False,False,False,False,True
greer county,oklahoma,40055,415.1,29,-0.2,1,True,False,False,False,False,True
howard county,maryland,24027,415,1561,-0.8,1,False,True,False,True,False,False
dallam county,texas,48111,415,27,-1.4,1,True,False,False,False,False,True
shenandoah county,virginia,51171,414.9,271,0.2,1,True,False,False,False,False,True
yakima county,washington,53077,414.8,1103,1.2,1,False,True,False,False,True,False
bayfield county,wisconsin,55007,414.7,123,0.3,1,True,False,False,False,False,True
dooly county,georgia,13093,414.6,68,1.6,1,True,False,False,False,False,True
maui county,hawaii,15009,414.5,908,0.1,1,False,True,False,False,False,True
deschutes county,oregon,41017,414.5,1128,-1.2,1,False,True,False,True,False,False
luce county,michigan,26095,414.4,37,-0.8,1,True,False,False,False,False,True
hardin county,tennessee,47071,414.4,173,-1.1,1,True,False,False,False,False,True
kalamazoo county,michigan,26077,414.3,1211,-1.5,1,False,True,False,True,False,False
delaware county,oklahoma,40041,414.2,270,-0.2,1,True,False,False,False,False,True
middlesex county,massachusetts,25017,414,8022,-4.3,1,False,True,False,True,False,False
carbon county,wyoming,56007,413.9,76,0.1,1,True,False,False,False,False,True
dundy county,nebraska,31057,413.9,12,0,1,True,False,False,False,False,True
yolo county,california,06113,413.8,877,-0.6,1,False,True,False,False,False,True
madison county,idaho,16065,413.8,97,0.7,1,True,False,False,False,False,True
james city county,virginia,51095,413.7,530,-1.7,1,False,True,False,False,False,True
kings county,new york,36047,413.6,12218,-1,1,False,True,False,True,False,False
marion county,georgia,13197,413.6,49,-0.6,1,False,True,False,False,False,True
cedar county,missouri,29039,413.6,92,-0.8,1,True,False,False,False,False,True
chaffee county,colorado,08015,413.5,132,-0.1,1,True,False,False,False,False,True
carter county,tennessee,47019,413.5,357,-0.1,1,False,True,False,False,False,True
texas county,missouri,29215,413.5,147,-0.6,1,True,False,False,False,False,True
dona ana county,new mexico,35013,413.4,1009,-2.4,1,False,True,False,False,False,True
crosby county,texas,48107,413.3,28,1,1,False,True,False,False,False,True
phelps county,nebraska,31137,413,52,-0.2,1,True,False,False,False,False,True
westmoreland county,pennsylvania,42129,412.9,2300,-8.4,1,False,True,False,True,False,False
jackson county,texas,48239,412.9,81,-1.1,1,True,False,False,False,False,True
grant county,washington,53025,412.8,425,-0.6,1,True,False,False,False,False,True
nelson county,virginia,51125,412.7,110,-6.2,1,False,True,False,True,False,False
newton county,arkansas,05101,412.7,53,-0.1,1,True,False,False,False,False,True
wayne county,utah,49055,412.6,16,0.1,1,True,False,False,False,False,True
fayette county,texas,48149,412.6,167,1.3,1,True,False,False,False,False,True
cleveland county,oklahoma,40027,412.5,1282,-1.2,1,False,True,False,True,False,False
linn county,oregon,41043,412.5,699,-0.8,1,False,True,False,True,False,False
morgan county,utah,49029,412.3,48,-0.2,1,False,True,False,False,False,True
prairie county,arkansas,05117,412.2,54,-0.5,1,True,False,False,False,False,True
hawaii county,hawaii,15001,412.1,1201,1.8,1,True,False,False,False,False,True
carroll county,virginia,51035,412,196,0.2,1,True,False,False,False,False,True
george county,mississippi,28039,412,115,0.8,1,True,False,False,False,False,True
benton county,washington,53005,412,956,-1,1,False,True,False,True,False,False
marion county,arkansas,05089,411.9,131,-0.8,1,True,False,False,False,False,True
maverick county,texas,48323,411.5,219,3.2,1,False,True,False,False,False,True
wells county,north dakota,38103,411.5,32,0.3,1,True,False,False,False,False,True
franklin county,idaho,16041,411.4,61,0.5,1,False,True,False,False,False,True
lauderdale county,alabama,01077,411.4,522,-1,1,False,True,False,True,False,False
lee county,south carolina,45061,411.4,95,-4.9,1,True,False,False,True,False,False
weld county,colorado,08123,411.3,1321,-3.9,1,False,True,False,True,False,False
essex county,new york,36031,411.2,258,-0.8,1,True,False,False,True,False,False
pulaski county,virginia,51155,410.9,217,-0.4,1,False,True,False,False,False,True
union county,kentucky,21225,410.8,77,-8,1,True,False,False,True,False,False
fergus county,montana,30027,410.7,76,-1.7,1,True,False,False,True,False,False
franklin county,massachusetts,25011,410.7,452,-0.8,1,True,False,False,True,False,False
otsego county,michigan,26137,410.7,147,-0.8,1,True,False,False,False,False,True
quitman county,georgia,13239,410.6,18,-0.4,1,True,False,False,False,False,True
york county,virginia,51199,410.5,355,-0.9,1,False,True,False,True,False,False
boise county,idaho,16015,410.5,56,-0.7,1,False,True,False,False,False,True
fairfield county,south carolina,45039,410.3,139,-0.9,1,False,True,False,True,False,False
wayne county,pennsylvania,42127,410.3,348,-0.8,1,True,False,False,False,False,True
hoonah-angoon census area,alaska,02105,410.2,16,-0.5,1,True,False,False,False,False,True
cherry county,nebraska,31031,410.1,33,-0.3,1,True,False,False,False,False,True
blount county,alabama,01009,410.1,319,-0.3,1,False,True,False,False,False,True
telfair county,georgia,13271,410,69,0.7,1,True,False,False,False,False,True
jeff davis county,georgia,13161,409.6,73,0.1,1,True,False,False,False,False,True
contra costa county,california,06013,409.6,5781,-0.6,1,False,True,False,False,False,True
kent county,michigan,26081,409.3,2909,-1.9,1,False,True,False,True,False,False
teton county,wyoming,56039,409.3,114,-0.7,1,True,False,False,False,False,True
comal county,texas,48091,409.2,849,-1,1,False,True,False,True,False,False
cassia county,idaho,16031,409.2,105,2.8,1,True,False,False,False,False,True
irion county,texas,48235,409.2,10,0.1,1,False,True,False,False,False,True
refugio county,texas,48391,409,41,-1.8,1,True,False,False,False,False,True
hampton city,virginia,51650,408.8,669,-1.2,1,False,True,False,True,False,False
highland county,virginia,51091,408.8,18,0.9,1,True,False,False,False,False,True
taylor county,wisconsin,55119,408.7,118,-0.2,1,True,False,False,False,False,True
cook county,minnesota,27031,408.6,43,0.1,1,True,False,False,False,False,True
fairbanks north star,alaska,02090,408.5,369,0.5,1,False,True,False,False,False,True
lincoln county,colorado,08073,408.5,30,1.5,1,True,False,False,False,False,True
glades county,florida,12043,408.4,87,-0.4,1,True,False,False,False,False,True
collin county,texas,48085,408.2,4092,-0.9,1,False,True,False,True,False,False
colfax county,nebraska,31037,408.2,45,-0.1,1,True,False,False,False,False,True
medina county,texas,48325,408.2,257,1.2,1,False,True,False,False,True,False
bexar county,texas,48029,408.2,7988,0.1,1,False,True,False,False,False,True
richland county,south carolina,45079,408.1,1757,-1.3,1,False,True,False,True,False,False
henry county,virginia,51089,407.8,333,-0.7,1,True,False,False,False,False,True
orange county,california,06059,407.8,15089,-0.7,1,False,True,False,True,False,False
honolulu county,hawaii,15003,407.8,5217,-0.6,1,False,True,False,True,False,False
guadalupe county,texas,48187,407.7,767,-1.1,1,False,True,False,True,False,False
ionia county,michigan,26067,407.6,317,-0.6,1,False,True,False,False,False,True
nevada county,arkansas,05099,407.5,51,-0.1,1,True,False,False,False,False,True
hickory county,missouri,29085,407.4,65,0.2,1,True,False,False,False,False,True
perry county,arkansas,05105,407.4,58,-1,1,False,True,False,False,False,True
sevier county,utah,49041,407.3,102,0.1,1,True,False,False,False,False,True
buffalo county,wisconsin,55011,407.3,86,0.1,1,True,False,False,False,False,True
wasatch county,utah,49051,407.2,137,0.1,1,True,False,False,False,False,True
converse county,wyoming,56009,407.2,72,-0.9,1,True,False,False,False,False,True
sheridan county,montana,30091,407.1,24,0.4,1,True,False,False,False,False,True
lafayette county,mississippi,28071,407.1,220,-3,1,True,False,False,True,False,False
charlton county,georgia,13049,407,61,0.7,1,True,False,False,False,False,True
lancaster county,south carolina,45057,407,554,-8.8,1,False,True,False,True,False,False
sacramento county,california,06067,406.9,7111,-1.4,1,False,True,False,True,False,False
hampshire county,massachusetts,25015,406.8,823,-1.1,1,False,True,False,True,False,False
yavapai county,arizona,04025,406.8,1830,-0.5,1,False,True,False,True,False,False
brazos county,texas,48041,406.8,709,1.1,1,False,True,False,False,False,True
warren county,virginia,51187,406.7,213,-0.3,1,False,True,False,False,False,True
cullman county,alabama,01043,406.7,471,-0.2,1,True,False,False,False,False,True
geneva county,alabama,01061,406.7,155,-1.6,1,False,True,False,True,False,False
adair county,missouri,29001,406.6,109,-0.5,1,True,False,False,False,False,True
little river county,arkansas,05081,406.5,73,-0.3,1,False,True,False,False,False,True
childress county,texas,48075,406.4,32,-0.7,1,True,False,False,False,False,True
la paz county,arizona,04012,406.4,134,1.5,1,True,False,False,False,True,False
box elder county,utah,49003,406.4,228,-0.2,1,True,False,False,False,False,True
nodaway county,missouri,29147,406.3,101,-0.6,1,True,False,False,False,False,True
la salle county,texas,48283,406.3,28,6,1,True,False,False,False,False,True
sandoval county,new mexico,35043,406.3,776,-0.3,1,False,True,False,False,False,True
atkinson county,georgia,13003,406.2,37,-0.5,1,True,False,False,False,False,True
cheboygan county,michigan,26031,406.1,182,-1,1,True,False,False,False,False,True
barry county,michigan,26015,406,345,-1.2,1,False,True,False,False,False,True
bates county,missouri,29013,405.7,90,-0.9,1,False,True,False,False,False,True
suffolk county,massachusetts,25025,405.5,3187,-2.4,1,False,True,False,True,False,False
madison county,alabama,01089,405.5,1848,-3.1,1,False,True,False,False,False,True
buena vista county,iowa,19021,405.4,101,-0.9,1,True,False,False,True,False,False
salt lake county,utah,49035,405.3,4366,1,1,False,True,False,False,False,True
jackson county,oklahoma,40065,405.3,113,-1.9,1,True,False,False,True,False,False
lincoln county,idaho,16063,405.2,23,0.7,1,True,False,False,False,False,True
mohave county,arizona,04015,405.2,1629,-2.5,1,False,True,False,True,False,False
kodiak island borough,alaska,02150,405.2,52,-1.4,1,True,False,False,False,False,True
caldwell county,texas,48055,404.9,214,-1.1,1,False,True,False,True,False,False
mendocino county,california,06045,404.7,550,-1.5,1,True,False,False,True,False,False
northumberland county,virginia,51133,404.4,110,-0.6,1,True,False,False,False,False,True
upton county,texas,48461,404.2,14,4,1,True,False,False,False,False,True
denver county,colorado,08031,404.1,2746,-0.8,1,False,True,False,True,False,False
harris county,texas,48201,404,17610,0.4,1,False,True,False,False,False,True
oktibbeha county,mississippi,28105,403.9,180,-0.5,1,True,False,False,False,False,True
polk county,arkansas,05113,403.9,122,-0.5,1,True,False,False,False,False,True
big horn county,wyoming,56003,403.8,69,-1.3,1,True,False,False,False,False,True
scurry county,texas,48415,403.7,77,-0.8,1,True,False,False,False,False,True
wibaux county,montana,30109,403.7,7,-2,1,True,False,False,False,False,True
kusilvak census area,alaska,02158,403.7,18,-0.9,1,True,False,False,False,False,True
garrett county,maryland,24023,403.6,181,-0.3,1,True,False,False,False,False,True
sherman county,nebraska,31163,403.4,21,-0.8,1,True,False,False,False,False,True
patrick county,virginia,51141,403.3,124,0,1,True,False,False,False,False,True
dukes county,massachusetts,25007,403.3,137,-7.8,1,True,False,False,True,False,False
franklin county,florida,12037,403.2,83,-0.4,1,True,False,False,False,False,True
comanche county,texas,48093,403.1,84,-1.2,1,True,False,False,True,False,False
taylor county,georgia,13269,403,47,-0.3,1,True,False,False,False,False,True
johnson county,tennessee,47091,402.9,113,-4,1,True,False,False,False,False,True
mariposa county,california,06043,402.9,127,4.3,1,True,False,False,False,False,True
long county,georgia,13183,402.9,58,-0.3,1,False,True,False,False,False,True
darke county,ohio,39037,402.8,292,-0.3,1,True,False,False,False,False,True
rockingham county,virginia,51165,402.8,455,-5.8,1,False,True,False,False,False,True
franklin county,pennsylvania,42055,402.7,860,-7.4,1,False,True,False,True,False,False
adams county,colorado,08001,402.7,1905,-0.7,1,False,True,False,True,False,False
pasquotank county,north carolina,37139,402.6,209,-6.2,1,True,False,False,True,False,False
kern county,california,06029,402.5,3355,-0.7,1,False,True,False,True,False,False
sheridan county,wyoming,56033,402.5,179,-1.8,1,True,False,False,True,False,False
madison county,virginia,51113,402.3,85,-1.6,1,True,False,False,True,False,False
daviess county,missouri,29061,402,47,-0.1,1,True,False,False,False,False,True
keya paha county,nebraska,31103,401.9,5,1.8,1,True,False,False,False,False,True
jefferson county,colorado,08059,401.9,2920,-0.9,1,False,True,False,True,False,False
live oak county,texas,48297,401.8,63,0.2,1,True,False,False,False,False,True
austin county,texas,48015,401.8,168,-1.3,1,False,True,False,True,False,False
mills county,texas,48333,401.7,31,0.7,1,True,False,False,False,False,True
nevada county,california,06057,400.9,708,-1.3,1,True,False,False,True,False,False
otero county,new mexico,35035,400.5,323,0.1,1,True,False,False,False,False,True
hayes county,nebraska,31085,400.4,4,-999,1,True,False,True,False,False,False
grant county,north dakota,38037,400.4,18,0,1,True,False,False,False,False,True
columbia county,arkansas,05027,400.4,110,-0.6,1,True,False,False,False,False,True
eau claire county,wisconsin,55035,400.4,492,-1.2,1,False,True,False,False,False,True
wahkiakum county,washington,53069,400.1,31,-0.1,1,True,False,False,False,False,True
union county,oregon,41061,400.1,145,-7.3,1,True,False,False,False,False,True
shackelford county,texas,48417,400.1,18,-1.9,1,True,False,False,False,False,True
iron county,michigan,26071,400,87,-1.3,1,True,False,False,False,False,True
moore county,tennessee,47127,400,38,1.1,1,True,False,False,False,False,True
kinney county,texas,48271,400,20,0.6,1,True,False,False,False,False,True
branch county,michigan,26023,399.8,239,-1,1,True,False,False,False,False,True
st. joseph county,michigan,26149,399.5,316,-0.8,1,True,False,False,True,False,False
carroll county,missouri,29033,399.4,53,-0.3,1,True,False,False,False,False,True
cavalier county,north dakota,38019,399.4,25,-0.5,1,True,False,False,False,False,True
franklin county,washington,53021,399.4,311,-1.1,1,False,True,False,True,False,False
hall county,texas,48191,399.3,18,-0.2,1,True,False,False,False,False,True
richland county,wisconsin,55103,399.2,112,-0.4,1,True,False,False,False,False,True
queens county,new york,36081,399.2,11652,0,1,False,True,False,False,False,True
sweetwater county,wyoming,56037,399.1,185,-7.8,1,True,False,False,False,False,True
jefferson county,oregon,41031,399,131,0.7,1,False,True,False,False,False,True
san mateo county,california,06081,398.8,3757,-1.3,1,False,True,False,True,False,False
st. croix county,wisconsin,55109,398.8,432,1,1,False,True,False,False,True,False
schuyler county,missouri,29197,398.8,22,-11.9,1,True,False,False,True,False,False
tripp county,south dakota,46123,398.7,34,-1.2,1,True,False,False,False,False,True
douglas county,colorado,08035,398.6,1478,-1,1,False,True,False,True,False,False
san bernardino county,california,06071,398.6,8463,-0.7,1,False,True,False,True,False,False
routt county,colorado,08107,398.5,121,8,1,True,False,False,False,False,True
cass county,michigan,26027,398.5,304,-1.2,1,False,True,False,True,False,False
douglas county,oregon,41019,398.2,712,-1,1,True,False,False,True,False,False
pickett county,tennessee,47137,398.1,36,-0.7,1,True,False,False,False,False,True
elliott county,kentucky,21063,398,42,-0.6,1,True,False,False,False,False,True
pima county,arizona,04019,397.9,5563,-0.5,1,False,True,False,True,False,False
sierra county,new mexico,35051,397.9,93,-0.7,1,True,False,False,True,False,False
floyd county,texas,48153,397.8,27,-0.2,1,True,False,False,False,False,True
riverside county,california,06065,397.8,10659,-1.9,1,False,True,False,True,False,False
pacific county,washington,53049,397.7,185,-0.6,1,True,False,False,False,False,True
calhoun county,south carolina,45017,397.6,86,-0.9,1,False,True,False,False,False,True
barnwell county,south carolina,45011,397,110,-0.6,1,True,False,False,False,False,True
bennett county,south dakota,46007,397,14,-0.2,1,True,False,False,False,False,True
juneau borough,alaska,02110,396.9,145,-1.1,1,True,False,False,False,False,True
adair county,iowa,19001,396.9,46,0.2,1,True,False,False,False,False,True
san benito county,california,06069,396.9,260,-0.4,1,False,True,False,False,False,True
brooks county,texas,48047,396.5,32,0.6,1,True,False,False,False,False,True
atchison county,missouri,29005,396.5,33,-0.9,1,True,False,False,False,False,True
adams county,idaho,16003,396.4,32,-1.8,1,True,False,False,False,False,True
mason county,texas,48319,396.4,27,6.4,1,True,False,False,False,False,True
frederick county,virginia,51069,396.2,466,-1.5,1,False,True,False,True,False,False
san joaquin county,california,06077,396.2,3138,-2.8,1,False,True,False,True,False,False
genesee county,michigan,26049,396.2,2101,-7.9,1,False,True,False,True,False,False
otero county,colorado,08089,396,101,-1.4,1,True,False,False,True,False,False
ward county,texas,48475,395.8,46,-0.6,1,True,False,False,False,False,True
fairfax city,virginia,51600,395.6,108,0,1,False,True,False,False,False,True
mineral county,montana,30061,395.6,33,-0.5,1,False,True,False,False,False,True
tillamook county,oregon,41057,395.3,181,-0.8,1,True,False,False,True,False,False
maricopa county,arizona,04013,395.2,19841,-2.5,1,False,True,False,True,False,False
valencia county,new mexico,35061,395,387,-0.4,1,False,True,False,False,False,True
covington county,alabama,01039,394.7,219,-3,1,True,False,False,False,False,True
midland county,texas,48329,394.6,584,-1.6,1,False,True,False,True,False,False
fort bend county,texas,48157,394.6,3113,0.4,1,False,True,False,False,False,True
lewis county,washington,53041,394.6,463,-5.9,1,True,False,False,True,False,False
howard county,arkansas,05061,394.5,64,-1.3,1,True,False,False,True,False,False
shelby county,alabama,01117,394.4,1041,-5.3,1,False,True,False,True,False,False
platte county,missouri,29165,394.3,482,-0.8,1,False,True,False,True,False,False
morrow county,oregon,41049,394.3,58,-1.1,1,True,False,False,False,False,True
montgomery county,maryland,24031,394.2,5034,0.6,1,False,True,False,False,False,True
izard county,arkansas,05065,394.1,90,-5.6,1,True,False,False,True,False,False
madera county,california,06039,393.9,652,-0.4,1,False,True,False,False,False,True
jenkins county,georgia,13165,393.9,43,-1.1,1,True,False,False,False,False,True
cochise county,arizona,04003,393.9,736,-0.3,1,False,True,False,False,False,True
dawson county,nebraska,31047,393.8,114,-0.6,1,True,False,False,False,False,True
wilcox county,georgia,13315,393.2,48,-0.5,1,True,False,False,False,False,True
escambia county,alabama,01053,393.2,191,-6.5,1,True,False,False,True,False,False
cotton county,oklahoma,40033,393.2,33,0.3,1,False,True,False,False,False,True
arapahoe county,colorado,08005,393.1,2744,-0.3,1,False,True,False,False,False,True
nacogdoches county,texas,48347,393.1,279,5,1,True,False,False,False,False,True
utah county,utah,49049,393,1720,0.2,1,False,True,False,False,False,True
millard county,utah,49027,392.9,61,0.8,1,True,False,False,False,True,False
greene county,mississippi,28041,392.7,64,0.3,1,True,False,False,False,False,True
wayne county,nebraska,31179,392.5,42,-1.4,1,True,False,False,False,False,True
madison county,arkansas,05087,392.4,89,-0.4,1,False,True,False,False,False,True
erath county,texas,48143,392.2,175,-0.1,1,True,False,False,False,False,True
washington county,arkansas,05143,391.8,904,-3.3,1,False,True,False,True,False,False
mcintosh county,north dakota,38051,391.8,20,-0.1,1,True,False,False,False,False,True
norton city,virginia,51720,391.8,19,-3,1,True,False,False,True,False,False
sully county,south dakota,46119,391.6,8,1,1,True,False,False,False,False,True
motley county,texas,48345,391.4,9,-1.1,1,True,False,False,False,False,True
broomfield county,colorado,08014,391.3,318,-0.9,1,False,True,False,True,False,False
huerfano county,colorado,08055,391.3,50,-1.7,1,True,False,False,False,False,True
prince georges county,maryland,24033,391.2,4218,-0.6,1,False,True,False,True,False,False
vernon county,missouri,29217,391.2,109,-0.8,1,True,False,False,False,False,True
garfield county,colorado,08045,391.1,260,-0.8,1,True,False,False,False,False,True
tuscaloosa county,alabama,01125,391,926,-2.5,1,False,True,False,True,False,False
dakota county,nebraska,31043,390.8,87,-0.3,1,False,True,False,False,False,True
delta county,colorado,08029,390.8,203,-7.7,1,True,False,False,True,False,False
hanson county,south dakota,46061,390.8,14,-8.9,1,True,False,False,False,False,True
kittitas county,washington,53037,390.7,210,-0.6,1,True,False,False,False,False,True
lamoure county,north dakota,38045,390.6,26,12.5,1,True,False,False,False,False,True
terry county,texas,48445,390.6,53,-0.8,1,True,False,False,False,False,True
boulder county,colorado,08013,390.5,1440,-1.1,1,False,True,False,True,False,False
granite county,montana,30039,390.3,24,-0.8,1,True,False,False,False,False,True
fulton county,pennsylvania,42057,390.3,86,-4.7,1,True,False,False,True,False,False
caldwell county,missouri,29025,390.2,48,8,1,False,True,False,False,True,False
fresno county,california,06019,390.1,3806,-0.6,1,False,True,False,True,False,False
mackinac county,michigan,26097,390,75,-1,1,True,False,False,False,False,True
pinal county,arizona,04021,389.8,2233,0,1,False,True,False,False,False,True
cowlitz county,washington,53015,389.4,580,3.3,1,False,True,False,False,False,True
curry county,oregon,41015,389.4,187,-1.4,1,True,False,False,True,False,False
el paso county,colorado,08041,389.4,2903,-1.8,1,False,True,False,True,False,False
starr county,texas,48427,389.4,227,1.7,1,True,False,False,False,True,False
albemarle county,virginia,51003,389.2,575,-1.4,1,False,True,False,True,False,False
columbia county,washington,53013,388.8,27,-1.1,1,True,False,False,False,False,True
walton county,florida,12131,388.7,411,-0.7,1,False,True,False,False,False,True
allegan county,michigan,26005,388.7,590,-5.6,1,True,False,False,True,False,False
walla walla county,washington,53071,388.2,310,-1.8,1,False,True,False,True,False,False
coosa county,alabama,01037,388.1,64,-0.5,1,True,False,False,False,False,True
toole county,montana,30101,387.8,25,-2.5,1,True,False,False,True,False,False
charlottesville city,virginia,51540,387.8,172,-1.2,1,False,True,False,True,False,False
harmon county,oklahoma,40057,387.7,14,0.7,1,True,False,False,False,False,True
lamb county,texas,48279,387.6,62,-0.4,1,True,False,False,False,False,True
aiken county,south carolina,45003,387.6,909,-0.8,1,False,True,False,False,False,True
lincoln county,oregon,41041,387.6,357,-1.3,1,True,False,False,True,False,False
el paso county,texas,48141,387.5,3273,-3.3,1,False,True,False,True,False,False
pawnee county,nebraska,31133,387.4,17,-8,1,True,False,False,True,False,False
teller county,colorado,08119,387.2,150,-1.9,1,False,True,False,True,False,False
ellis county,oklahoma,40045,387.1,22,-0.6,1,True,False,False,False,False,True
klickitat county,washington,53039,387,141,-9.1,1,True,False,False,True,False,False
dekalb county,missouri,29063,387,59,-0.1,1,False,True,False,False,False,True
jefferson county,florida,12065,386.9,91,-0.6,1,False,True,False,False,False,True
lenawee county,michigan,26091,386.9,528,-1,1,True,False,False,True,False,False
montrose county,colorado,08085,386.9,253,-1,1,True,False,False,True,False,False
fremont county,colorado,08043,386.8,287,-1.8,1,True,False,False,True,False,False
fremont county,wyoming,56013,386.7,200,-0.7,1,True,False,False,False,False,True
garfield county,utah,49017,386.6,27,-0.3,1,True,False,False,False,False,True
campbell county,wyoming,56005,386.6,177,-0.7,1,True,False,False,False,False,True
burke county,north dakota,38013,386.2,13,-1.3,1,True,False,False,False,False,True
park county,montana,30067,386.2,107,-0.7,1,True,False,False,False,False,True
sanpete county,utah,49039,386.2,113,-0.4,1,True,False,False,False,False,True
moore county,texas,48341,386.1,78,-1.3,1,True,False,False,True,False,False
wallowa county,oregon,41063,385.9,51,-1.2,1,True,False,False,False,False,True
hamilton county,illinois,17065,385.7,46,0,1,True,False,False,False,False,True
monroe county,florida,12087,385.7,516,-1.2,1,True,False,False,True,False,False
bernalillo county,new mexico,35001,385.2,3173,-0.6,1,False,True,False,True,False,False
donley county,texas,48129,385,21,-0.4,1,True,False,False,False,False,True
power county,idaho,16077,384.7,36,1.4,1,True,False,False,False,False,True
san francisco county,california,06075,384.5,4035,1,1,False,True,False,False,False,True
marquette county,michigan,26103,384.5,346,-1.3,1,True,False,False,True,False,False
meade county,south dakota,46093,384.3,137,4.2,1,False,True,False,False,False,True
umatilla county,oregon,41059,384.3,357,-4.5,1,True,False,False,True,False,False
deaf smith county,texas,48117,384.3,70,-0.1,1,True,False,False,False,False,True
choctaw county,alabama,01023,384.3,79,-5.8,1,True,False,False,True,False,False
andrews county,texas,48003,384.2,62,-1.8,1,True,False,False,True,False,False
baca county,colorado,08009,384.2,24,-0.4,1,True,False,False,False,False,True
major county,oklahoma,40093,384.1,42,-1.2,1,True,False,False,False,False,True
santa clara county,california,06085,384,8159,0.1,1,False,True,False,False,False,True
nueces county,texas,48355,383.6,1516,-1.3,1,False,True,False,True,False,False
bear lake county,idaho,16007,383.3,34,0.6,1,True,False,False,False,False,True
accomack county,virginia,51001,383.2,206,-1.1,1,True,False,False,False,False,True
dunn county,wisconsin,55033,383.1,201,-0.3,1,True,False,False,False,False,True
montgomery county,virginia,51121,383,369,-0.9,1,False,True,False,False,False,True
nye county,nevada,32023,382.8,370,-1.5,1,True,False,False,True,False,False
custer county,south dakota,46033,382.6,62,-1,1,False,True,False,False,False,True
sullivan county,missouri,29211,382.5,33,-1.2,1,True,False,False,False,False,True
frio county,texas,48163,382.3,66,0.2,1,True,False,False,False,False,True
elbert county,colorado,08039,381.9,131,-1.2,1,False,True,False,True,False,False
custer county,idaho,16037,381.8,32,-0.7,1,True,False,False,False,False,True
towner county,north dakota,38095,381.6,14,-1.7,1,True,False,False,False,False,True
yuma county,arizona,04027,381.6,964,0.3,1,False,True,False,False,False,True
deuel county,nebraska,31049,381.4,12,-0.9,1,True,False,False,False,False,True
hale county,texas,48189,381.3,134,-0.7,1,True,False,False,False,False,True
moffat county,colorado,08081,381.1,59,-2.3,1,True,False,False,True,False,False
lawrence county,south dakota,46081,380,147,-1.5,1,True,False,False,True,False,False
golden valley county,north dakota,38033,379.6,11,-1.5,1,True,False,False,False,False,True
beaver county,oklahoma,40007,379.6,28,1.2,1,True,False,False,False,False,True
san saba county,texas,48411,379.5,33,-0.9,1,True,False,False,False,False,True
los alamos county,new mexico,35028,379.1,95,-0.9,1,True,False,False,True,False,False
alger county,michigan,26003,379,58,-1.6,1,True,False,False,False,False,True
merced county,california,06047,378.9,978,-0.9,1,False,True,False,True,False,False
hempstead county,arkansas,05057,378.8,102,-1.1,1,True,False,False,False,False,True
hudson county,new jersey,34017,378.8,2705,-1.1,1,False,True,False,True,False,False
clark county,washington,53011,378.5,2204,0.3,1,False,True,False,False,False,True
fremont county,idaho,16043,378.2,64,-9.1,1,True,False,False,False,False,True
harrisonburg city,virginia,51660,378.1,153,-1.7,1,False,True,False,True,False,False
kidder county,north dakota,38043,378.1,15,0.9,1,True,False,False,False,False,True
love county,oklahoma,40085,377.9,51,-16.6,1,True,False,False,True,False,False
judith basin county,montana,30045,377.7,12,-1.5,1,True,False,False,False,False,True
hemphill county,texas,48211,377.4,15,-2.2,1,True,False,False,True,False,False
grand county,utah,49019,377.3,50,-0.6,1,True,False,False,False,False,True
appomattox county,virginia,51011,377.2,88,-1.1,1,False,True,False,False,False,True
hartley county,texas,48205,376.7,24,0.3,1,True,False,False,False,False,True
texas county,oklahoma,40139,376.7,79,-0.4,1,True,False,False,False,False,True
sevier county,arkansas,05133,376.6,66,-0.7,1,True,False,False,False,False,True
seward county,nebraska,31159,376.2,82,-1.5,1,False,True,False,True,False,False
ransom county,north dakota,38073,375.6,32,-2.2,1,True,False,False,True,False,False
charlevoix county,michigan,26029,375.3,160,-1,1,True,False,False,False,False,True
ouray county,colorado,08091,375.1,32,-0.2,1,True,False,False,False,False,True
fauquier county,virginia,51061,375,353,-1.3,1,False,True,False,True,False,False
menominee county,michigan,26109,374.9,144,0.9,1,True,False,False,False,False,True
reeves county,texas,48389,374.4,50,-1,1,True,False,False,False,False,True
lincoln county,wyoming,56023,374.3,93,-1,1,True,False,False,False,False,True
storey county,nevada,32029,374.1,31,-1.5,1,False,True,False,False,False,True
saluda county,south carolina,45081,373.9,101,-0.4,1,False,True,False,False,False,True
morrill county,nebraska,31123,373.9,24,-0.8,1,True,False,False,False,False,True
monterey county,california,06053,373.8,1742,-1.5,1,False,True,False,True,False,False
colusa county,california,06011,373.6,91,0.2,1,True,False,False,False,False,True
pittsylvania county,virginia,51143,373.4,358,-1.4,1,True,False,False,True,False,False
smyth county,virginia,51173,373.4,172,-1,1,True,False,False,False,False,True
noble county,ohio,39121,373.4,85,-0.8,1,True,False,False,False,False,True
murray county,oklahoma,40099,373.2,72,-1.5,1,True,False,False,False,False,True
ottawa county,michigan,26139,372.9,1238,-1.2,1,False,True,False,True,False,False
la plata county,colorado,08067,372.7,278,3.1,1,True,False,False,False,True,False
jack county,texas,48237,372.4,40,-0.8,1,True,False,False,False,False,True
beaufort county,south carolina,45013,372.1,1158,-6.8,1,False,True,False,True,False,False
kauai county,hawaii,15007,372.1,387,-0.6,1,True,False,False,True,False,False
clark county,nevada,32003,372,9439,-1.8,1,False,True,False,True,False,False
spokane county,washington,53063,372,2400,-1.9,1,False,True,False,True,False,False
phillips county,colorado,08095,371.7,24,-1.4,1,True,False,False,False,False,True
alameda county,california,06001,371.6,6999,-1.2,1,False,True,False,True,False,False
hot springs county,wyoming,56017,371.4,30,-2,1,True,False,False,True,False,False
pepin county,wisconsin,55091,371.1,42,-0.9,1,True,False,False,False,False,True
lipscomb county,texas,48295,370.9,15,-1.6,1,True,False,False,False,False,True
roberts county,texas,48393,370.7,5,-999,1,True,False,True,False,False,False
jim hogg county,texas,48247,370.6,21,-0.9,1,True,False,False,False,False,True
socorro county,new mexico,35053,370.5,82,0.1,1,True,False,False,False,False,True
beaverhead county,montana,30001,370.3,53,-1.3,1,True,False,False,False,False,True
navajo county,arizona,04017,370,507,0.3,1,True,False,False,False,False,True
crane county,texas,48103,369.9,16,-1.8,1,True,False,False,True,False,False
garza county,texas,48169,369.5,21,-0.4,1,False,True,False,False,False,True
dekalb county,alabama,01049,369.3,338,-1.2,1,True,False,False,True,False,False
uintah county,utah,49047,369.2,121,0.1,1,True,False,False,False,False,True
terrell county,texas,48443,369.2,5,-999,1,True,False,True,False,False,False
los angeles county,california,06037,369.1,40827,-0.7,1,False,True,False,True,False,False
pierce county,north dakota,38069,369.1,23,-1.3,1,True,False,False,False,False,True
powder river county,montana,30075,369,12,0.1,1,True,False,False,False,False,True
eureka county,nevada,32011,368.7,9,-1.1,1,True,False,False,False,False,True
sheridan county,nebraska,31161,368.6,31,-1,1,True,False,False,False,False,True
loudoun county,virginia,51107,368.6,1403,-1.2,1,False,True,False,True,False,False
emery county,utah,49015,368.5,45,0.3,1,True,False,False,False,False,True
russell county,alabama,01113,368.3,251,-4.1,1,False,True,False,True,False,False
luna county,new mexico,35029,367.4,124,0.1,1,True,False,False,False,False,True
dickenson county,virginia,51051,367.3,83,-2.1,1,True,False,False,True,False,False
bethel census area,alaska,02050,366.6,49,-1.3,1,True,False,False,False,False,True
douglas county,missouri,29067,366.2,71,3.6,1,True,False,False,False,True,False
curry county,new mexico,35009,365.9,176,-0.4,1,True,False,False,False,False,True
zapata county,texas,48505,365.7,49,0.4,1,True,False,False,False,False,True
greenlee county,arizona,04011,365,36,-0.9,1,True,False,False,False,False,True
bristol bay borough,alaska,02060,364.7,4,-1.1,1,True,False,False,False,False,True
kings county,california,06031,364.6,489,-0.9,1,False,True,False,True,False,False
woodward county,oklahoma,40153,364.6,91,-1.5,1,True,False,False,True,False,False
cameron county,texas,48061,364.6,1551,-0.4,1,False,True,False,True,False,False
alleghany county,north carolina,37005,364.5,73,-0.6,1,True,False,False,False,False,True
madison county,florida,12079,364,97,-0.3,1,True,False,False,False,False,True
quay county,new mexico,35037,363.9,51,-1.7,1,True,False,False,True,False,False
imperial county,california,06025,363.7,658,-2.8,1,False,True,False,True,False,False
falls church city,virginia,51610,363.7,60,-1.2,1,False,True,False,False,False,True
maries county,missouri,29125,363.4,49,0,1,True,False,False,False,False,True
las animas county,colorado,08071,362.2,84,-0.2,1,True,False,False,False,False,True
grant county,oregon,41023,362.1,49,-0.8,1,True,False,False,False,False,True
tulare county,california,06107,361.7,1564,-1,1,False,True,False,True,False,False
hidalgo county,texas,48215,361.7,2756,2.3,1,False,True,False,False,True,False
rio blanco county,colorado,08103,361.5,28,-1.7,1,True,False,False,True,False,False
pecos county,texas,48371,360.2,57,0.2,1,True,False,False,False,False,True
eddy county,new mexico,35015,360.1,242,-0.8,1,True,False,False,True,False,False
plumas county,california,06063,360.1,126,-1.1,1,True,False,False,True,False,False
camden county,north carolina,37029,359.6,47,-2,1,False,True,False,True,False,False
monroe county,michigan,26115,359.6,751,-1.2,1,False,True,False,False,False,True
roberts county,south dakota,46109,359.5,49,0.2,1,True,False,False,False,False,True
adams county,washington,53001,359.4,65,-1,1,True,False,False,False,False,True
valdez-cordova census area,alaska,02261,359.3,41,-2.3,1,True,False,False,True,False,False
divide county,north dakota,38023,358.1,14,-0.5,1,True,False,False,False,False,True
menard county,texas,48327,357.7,15,-0.1,1,True,False,False,False,False,True
cibola county,new mexico,35006,357.6,119,-0.3,1,True,False,False,False,False,True
stutsman county,north dakota,38093,357.4,105,-3.8,1,True,False,False,True,False,False
siskiyou county,california,06093,357.4,261,-2.2,1,True,False,False,True,False,False
winkler county,texas,48495,357,27,-1.9,1,True,False,False,True,False,False
williams county,north dakota,38105,356.8,117,-1.9,1,True,False,False,True,False,False
manassas city,virginia,51683,356.3,137,-2.3,1,False,True,False,True,False,False
wise county,virginia,51195,356.2,175,-2.8,1,True,False,False,True,False,False
hardy county,west virginia,54031,356.2,73,-1,1,True,False,False,False,False,True
chouteau county,montana,30015,356,31,-1.7,1,True,False,False,False,False,True
gosper county,nebraska,31073,355.9,11,-4,1,True,False,False,True,False,False
lea county,new mexico,35025,355.7,236,-1.7,1,True,False,False,False,False,True
santa fe county,new mexico,35049,355.6,875,2.4,1,False,True,False,False,True,False
morgan county,colorado,08087,355.6,121,-7.7,1,True,False,False,True,False,False
sublette county,wyoming,56035,355.3,43,3.1,1,True,False,False,False,False,True
schoolcraft county,michigan,26153,355.3,53,-1.5,1,True,False,False,True,False,False
sitka borough,alaska,02220,355.2,38,-1.2,1,True,False,False,False,False,True
johnson county,wyoming,56019,355,49,-0.3,1,True,False,False,False,False,True
richland county,montana,30083,354.9,48,-0.6,1,True,False,False,False,False,True
webb county,texas,48479,354.7,776,0.8,1,False,True,False,False,False,True
lincoln county,washington,53043,354.1,64,-1.4,1,True,False,False,True,False,False
washington county,florida,12133,353,118,0.8,1,False,True,False,False,False,True
pierce county,wisconsin,55093,352.9,168,0.7,1,False,True,False,False,False,True
blaine county,montana,30005,352.7,28,-1.4,1,True,False,False,False,False,True
sedgwick county,colorado,08115,352.1,16,-1.7,1,True,False,False,False,False,True
union county,new mexico,35059,351.9,20,-0.7,1,True,False,False,False,False,True
cheyenne county,nebraska,31033,351.2,49,-0.9,1,True,False,False,False,False,True
edgefield county,south carolina,45037,350.7,128,-0.7,1,False,True,False,False,False,True
rich county,utah,49033,350.7,12,-1,1,True,False,False,False,False,True
pend oreille county,washington,53051,350.5,80,-2.3,1,True,False,False,True,False,False
malheur county,oregon,41045,350.4,131,-1.4,1,True,False,False,False,False,True
prince william county,virginia,51153,350.2,1550,-1.4,1,False,True,False,True,False,False
clarke county,virginia,51043,350,82,-1.7,1,False,True,False,True,False,False
dickey county,north dakota,38021,349.6,25,-1.6,1,True,False,False,False,False,True
manassas park city,virginia,51685,349.5,51,-1.9,1,False,True,False,False,False,True
park county,colorado,08093,349.1,89,-1.6,1,False,True,False,False,False,True
uinta county,wyoming,56041,349,82,0,1,True,False,False,False,False,True
garfield county,washington,53023,349,13,-1.4,1,True,False,False,False,False,True
piute county,utah,49031,348.8,8,0.3,1,True,False,False,False,False,True
pendleton county,west virginia,54071,348.4,38,0,1,True,False,False,False,False,True
washington county,colorado,08121,348.2,24,-1.7,1,True,False,False,False,False,True
dickinson county,michigan,26043,348,137,-1,1,True,False,False,False,False,True
steele county,north dakota,38091,347.1,10,1.4,1,True,False,False,False,False,True
humboldt county,nevada,32013,346.6,63,-1.3,1,True,False,False,False,False,True
bailey county,texas,48017,346.2,27,-1.3,1,True,False,False,False,False,True
skagway municipality,alaska,02230,345.4,5,-1.7,1,True,False,False,False,False,True
lincoln county,tennessee,47103,345.4,169,-2.6,1,True,False,False,True,False,False
inyo county,california,06027,345.4,103,-1,1,True,False,False,False,False,True
san juan county,utah,49037,345,53,1.2,1,True,False,False,False,True,False
jasper county,south carolina,45053,344.4,146,-16,1,False,True,False,True,False,False
haines borough,alaska,02100,344.3,12,-2.6,1,True,False,False,False,False,True
tazewell county,virginia,51185,344.2,209,-2.8,1,True,False,False,True,False,False
stevens county,washington,53065,343.7,248,-1.9,1,False,True,False,True,False,False
seminole county,georgia,13253,343.6,50,-1.5,1,True,False,False,False,False,True
lee county,alabama,01081,343.6,584,-3.7,1,False,True,False,True,False,False
washakie county,wyoming,56043,343.4,40,-3.5,1,True,False,False,True,False,False
dolores county,colorado,08033,343.2,13,0.2,1,True,False,False,False,False,True
kent county,texas,48263,342.9,5,-5,1,True,False,False,True,False,False
camas county,idaho,16025,342.9,6,-0.3,1,True,False,False,False,False,True
del norte county,california,06015,342.4,127,-1.7,1,True,False,False,True,False,False
rio grande county,colorado,08105,341.3,54,-1.4,1,True,False,False,True,False,False
chaves county,new mexico,35005,341.3,257,-2.2,1,True,False,False,True,False,False
guadalupe county,new mexico,35019,341,21,-0.8,1,True,False,False,False,False,True
marshall county,south dakota,46091,340.6,24,0.5,1,True,False,False,False,False,True
skamania county,washington,53059,340.5,63,-12.6,1,False,True,False,True,False,False
ontonagon county,michigan,26131,340.3,46,-1,1,True,False,False,False,False,True
goshen county,wyoming,56015,340.2,64,-1.3,1,True,False,False,False,False,True
holmes county,ohio,39075,340,156,-2.5,1,True,False,False,True,False,False
mckenzie county,north dakota,38053,339.8,38,-0.2,1,True,False,False,False,False,True
harney county,oregon,41025,339.2,41,9.4,1,True,False,False,False,False,True
castro county,texas,48069,338.6,28,-2.1,1,True,False,False,True,False,False
baraga county,michigan,26013,337.8,44,-1.7,1,True,False,False,True,False,False
alexandria city,virginia,51510,337.7,537,-1.4,1,False,True,False,True,False,False
alamosa county,colorado,08003,337.3,59,-1.8,1,True,False,False,False,False,True
fairfax county,virginia,51059,337.1,4294,-1.3,1,False,True,False,True,False,False
benton county,oregon,41003,336.5,367,-2.4,1,False,True,False,True,False,False
clark county,idaho,16033,336.3,3,-999,1,True,False,True,False,False,False
gunnison county,colorado,08051,334.7,58,-2.2,1,True,False,False,False,False,True
lincoln county,nevada,32017,334.5,23,-4.8,1,True,False,False,True,False,False
ochiltree county,texas,48357,334.3,33,-5,1,True,False,False,True,False,False
gaines county,texas,48165,334,56,-1.2,1,True,False,False,False,False,True
willacy county,texas,48489,334,72,0.1,1,True,False,False,False,False,True
kit carson county,colorado,08063,333.7,33,-0.9,1,True,False,False,False,False,True
san miguel county,colorado,08113,333.3,29,-1.9,1,True,False,False,False,False,True
elko county,nevada,32007,332.4,178,-1.5,1,True,False,False,True,False,False
culberson county,texas,48109,332,9,8.9,1,True,False,False,False,True,False
lassen county,california,06035,331.2,122,-0.1,1,True,False,False,False,False,True
logan county,colorado,08075,331.1,92,-2.6,1,True,False,False,True,False,False
kimball county,nebraska,31105,330.2,18,-2.1,1,True,False,False,False,False,True
russell county,virginia,51167,329.9,130,-2,1,True,False,False,True,False,False
coconino county,arizona,04005,329.4,476,-0.9,1,False,True,False,True,False,False
graham county,arizona,04009,328.9,132,3.8,1,True,False,False,False,False,True
montezuma county,colorado,08083,328.6,128,-2.3,1,True,False,False,True,False,False
wheeler county,georgia,13309,328.4,29,1.6,1,True,False,False,False,False,True
gila county,arizona,04007,327.9,307,-1,1,True,False,False,True,False,False
petersburg census area,alaska,02195,327.2,16,-3.7,1,True,False,False,False,False,True
lincoln county,new mexico,35027,326.1,124,-0.8,1,True,False,False,False,False,True
oceana county,michigan,26127,326,126,-1.8,1,True,False,False,True,False,False
wheeler county,nebraska,31183,325.8,5,-2.6,1,True,False,False,False,False,True
parmer county,texas,48369,325.3,36,-0.3,1,True,False,False,False,False,True
ziebach county,south dakota,46137,324.8,8,2.1,1,True,False,False,False,False,True
asotin county,washington,53003,324,113,-2.5,1,False,True,False,True,False,False
san juan county,new mexico,35045,323.8,453,-0.6,1,False,True,False,True,False,False
custer county,colorado,08027,323.3,29,-2.1,1,True,False,False,True,False,False
sherman county,oregon,41055,323.2,10,-0.1,1,True,False,False,False,False,True
catron county,new mexico,35003,322.9,26,-1,1,True,False,False,False,False,True
lane county,oregon,41039,322.6,1657,-13.1,1,False,True,False,True,False,False
hidalgo county,new mexico,35023,321.8,21,0.8,1,True,False,False,False,False,True
north slope borough,alaska,02185,321.7,26,-2,1,True,False,False,False,False,True
dunn county,north dakota,38025,320.8,17,-1.2,1,True,False,False,False,False,True
gogebic county,michigan,26053,319.8,86,-0.4,1,True,False,False,False,False,True
santa cruz county,arizona,04023,319.5,191,0.1,1,True,False,False,False,False,True
roosevelt county,new mexico,35041,319.5,64,-2.5,1,True,False,False,True,False,False
grant county,new mexico,35017,318.8,154,-1.2,1,True,False,False,True,False,False
currituck county,north carolina,37053,318.7,117,-6,1,False,True,False,True,False,False
arlington county,virginia,51013,318.7,699,-1.8,1,False,True,False,True,False,False
jackson county,florida,12063,318.6,216,0.5,1,True,False,False,False,False,True
taos county,new mexico,35055,318.2,182,-0.1,1,True,False,False,False,False,True
san miguel county,new mexico,35047,318.1,127,-0.4,1,True,False,False,False,False,True
costilla county,colorado,08023,317.9,18,-1.6,1,True,False,False,False,False,True
dawes county,nebraska,31045,316.2,35,-0.9,1,True,False,False,False,False,True
muskegon county,michigan,26121,315.1,712,-17,1,False,True,False,True,False,False
clay county,georgia,13061,314.3,15,0.1,1,True,False,False,False,False,True
eagle county,colorado,08037,314.2,185,-0.8,1,True,False,False,False,False,True
perkins county,south dakota,46105,312.1,14,-5.3,1,True,False,False,True,False,False
archuleta county,colorado,08007,311.9,72,-2,1,True,False,False,True,False,False
lee county,virginia,51105,311.7,105,-3.1,1,True,False,False,True,False,False
lake county,colorado,08065,311.6,26,-2.6,1,True,False,False,True,False,False
mora county,new mexico,35033,311.4,23,-0.5,1,True,False,False,False,False,True
washington county,virginia,51191,311,264,-3.1,1,False,True,False,True,False,False
yuma county,colorado,08125,309.5,40,-5.3,1,True,False,False,True,False,False
mckinley county,new mexico,35031,305.9,222,-0.3,1,True,False,False,False,False,True
buchanan county,virginia,51027,305.5,99,-2.1,1,True,False,False,True,False,False
bent county,colorado,08011,304.8,24,-1.4,1,True,False,False,True,False,False
pershing county,nevada,32027,304.7,26,-0.2,1,True,False,False,False,False,True
rio arriba county,new mexico,35039,302.9,170,-1.7,1,True,False,False,True,False,False
apache county,arizona,04001,301.3,229,0.7,1,True,False,False,False,True,False
trinity county,california,06105,300.4,84,-4.3,1,True,False,False,True,False,False
collingsworth county,texas,48087,299.7,11,-1.4,1,True,False,False,False,False,True
garfield county,montana,30033,299.3,6,-1.9,1,True,False,False,False,False,True
crowley county,colorado,08025,298.6,19,-2.1,1,True,False,False,True,False,False
baker county,oregon,41001,298,81,-2.2,1,True,False,False,True,False,False
ferry county,washington,53019,298,41,-3,1,True,False,False,True,False,False
grand county,colorado,08049,296.3,62,-1.2,1,True,False,False,False,False,True
houghton county,michigan,26061,295.8,131,-2,1,True,False,False,True,False,False
colfax county,new mexico,35007,295.5,60,-0.5,1,True,False,False,False,False,True
lander county,nevada,32015,294.9,21,-2.3,1,True,False,False,False,False,True
pitkin county,colorado,08097,294.5,75,-2.3,1,True,False,False,True,False,False
gates county,north carolina,37073,293.7,49,-1.3,1,False,True,False,False,False,True
adams county,north dakota,38001,293.6,12,-1.8,1,True,False,False,False,False,True
scotland county,missouri,29199,293.6,18,-2.3,1,True,False,False,False,False,True
presidio county,texas,48377,293,25,6.9,1,True,False,False,False,False,True
sherman county,texas,48421,292.9,10,-0.1,1,True,False,False,False,False,True
brewster county,texas,48043,292.7,43,-1.7,1,True,False,False,True,False,False
logan county,north dakota,38047,291.9,10,-1.8,1,True,False,False,False,False,True
harding county,south dakota,46063,291.8,5,-0.5,1,True,False,False,False,False,True
mono county,california,06051,291.4,51,-0.6,1,True,False,False,False,False,True
modoc county,california,06049,290.7,43,-1.6,1,True,False,False,True,False,False
aleutians west census area,alaska,02016,290.1,9,1,1,True,False,False,False,False,True
corson county,south dakota,46031,289.4,11,1.5,1,True,False,False,False,False,True
stanton county,nebraska,31167,288.3,23,-3.4,1,True,False,False,True,False,False
daniels county,montana,30019,287.7,9,-1.5,1,True,False,False,False,False,True
summit county,colorado,08117,287.5,103,7,1,True,False,False,False,False,True
clear creek county,colorado,08019,286.6,44,1.4,1,False,True,False,False,False,True
white pine county,nevada,32033,279.6,34,-31,1,True,False,False,True,False,False
conejos county,colorado,08021,277.4,28,-0.9,1,True,False,False,False,False,True
bristol city,virginia,51520,274.7,65,-4.4,1,False,True,False,True,False,False
campbell county,south dakota,46021,274.1,7,1.2,1,True,False,False,False,False,True
holmes county,florida,12059,274.1,75,1.7,1,True,False,False,False,False,True
hooker county,nebraska,31091,273.1,4,-3.2,1,True,False,False,False,False,True
concho county,texas,48095,272.6,14,-1,1,True,False,False,False,False,True
throckmorton county,texas,48447,272.4,8,-5.6,1,True,False,False,True,False,False
niobrara county,wyoming,56027,271,11,-2.7,1,True,False,False,False,False,True
gilpin county,colorado,08047,268.9,22,-4.5,1,False,True,False,True,False,False
alpine county,california,06003,268.5,5,-999,1,True,False,True,False,False,False
whitman county,washington,53075,262.9,104,-3.6,1,True,False,False,True,False,False
scott county,virginia,51169,262.9,91,-5.6,1,False,True,False,True,False,False
saguache county,colorado,08109,262.9,28,-1.3,1,True,False,False,False,False,True
sierra county,california,06091,259.6,17,-3.8,1,True,False,False,True,False,False
cimarron county,oklahoma,40025,239.6,9,-11.7,1,True,False,False,True,False,False
sioux county,nebraska,31165,228.6,4,-999,1,True,False,True,False,False,False
gilliam county,oregon,41021,226.4,8,-20.3,1,True,False,False,False,False,True
keweenaw county,michigan,26083,220.9,10,-1.8,1,True,False,False,False,False,True
aleutians east borough,alaska,02013,219.1,7,-999,1,True,False,True,False,False,False
oliver county,north dakota,38065,219,6,-2.1,1,False,True,False,False,False,True
jeff davis county,texas,48243,208,10,-2.5,1,True,False,False,False,False,True
mineral county,colorado,08079,207.4,4,-1.6,1,True,False,False,False,False,True
hinsdale county,colorado,08053,182.3,3,-5.2,1,True,False,False,False,False,True
